-- MySQL dump 10.13  Distrib 8.0.42, for Win64 (x86_64)
--
-- Host: localhost    Database: subastas
-- ------------------------------------------------------
-- Server version	8.0.42

/*!40101 SET @OLD_CHARACTER_SET_CLIENT=@@CHARACTER_SET_CLIENT */;
/*!40101 SET @OLD_CHARACTER_SET_RESULTS=@@CHARACTER_SET_RESULTS */;
/*!40101 SET @OLD_COLLATION_CONNECTION=@@COLLATION_CONNECTION */;
/*!50503 SET NAMES utf8 */;
/*!40103 SET @OLD_TIME_ZONE=@@TIME_ZONE */;
/*!40103 SET TIME_ZONE='+00:00' */;
/*!40014 SET @OLD_UNIQUE_CHECKS=@@UNIQUE_CHECKS, UNIQUE_CHECKS=0 */;
/*!40014 SET @OLD_FOREIGN_KEY_CHECKS=@@FOREIGN_KEY_CHECKS, FOREIGN_KEY_CHECKS=0 */;
/*!40101 SET @OLD_SQL_MODE=@@SQL_MODE, SQL_MODE='NO_AUTO_VALUE_ON_ZERO' */;
/*!40111 SET @OLD_SQL_NOTES=@@SQL_NOTES, SQL_NOTES=0 */;

--
-- Table structure for table `familia`
--

DROP TABLE IF EXISTS `familia`;
/*!40101 SET @saved_cs_client     = @@character_set_client */;
/*!50503 SET character_set_client = utf8mb4 */;
CREATE TABLE `familia` (
  `familiaid` bigint NOT NULL AUTO_INCREMENT,
  `nombre_familia` varchar(100) DEFAULT NULL,
  PRIMARY KEY (`familiaid`),
  UNIQUE KEY `familia_unique` (`nombre_familia`)
) ENGINE=InnoDB AUTO_INCREMENT=40 DEFAULT CHARSET=utf8mb4 COLLATE=utf8mb4_0900_ai_ci;
/*!40101 SET character_set_client = @saved_cs_client */;

--
-- Dumping data for table `familia`
--

LOCK TABLES `familia` WRITE;
/*!40000 ALTER TABLE `familia` DISABLE KEYS */;
INSERT INTO `familia` VALUES (13,'ACELGAS'),(14,'ALCACHOFA'),(15,'APIO'),(16,'BERENJENA'),(17,'BONIATO'),(18,'BROCOLI'),(19,'CALABACIN'),(20,'CALABAZA'),(21,'CHIRIMOYA'),(22,'COL'),(23,'COLIFLOR'),(24,'ESPARRAGOS'),(25,'GUISANTE'),(26,'HABAS'),(27,'HINOJO'),(28,'JUDIAS'),(29,'LIMON'),(30,'MELON'),(31,'NARANJA'),(32,'NISPERO'),(33,'PATATA'),(34,'PEPINO'),(35,'PIMIENTO'),(36,'PUERRO'),(37,'SANDIA'),(39,'TOMATE NORMALIZADO'),(38,'TOMATE SIN NORMALIZAR');
/*!40000 ALTER TABLE `familia` ENABLE KEYS */;
UNLOCK TABLES;

--
-- Table structure for table `genero`
--

DROP TABLE IF EXISTS `genero`;
/*!40101 SET @saved_cs_client     = @@character_set_client */;
/*!50503 SET character_set_client = utf8mb4 */;
CREATE TABLE `genero` (
  `generoid` bigint NOT NULL AUTO_INCREMENT,
  `nombre_genero` varchar(100) DEFAULT NULL,
  `familiaid` bigint DEFAULT NULL,
  PRIMARY KEY (`generoid`),
  KEY `genero_familia_FK` (`familiaid`),
  CONSTRAINT `genero_familia_FK` FOREIGN KEY (`familiaid`) REFERENCES `familia` (`familiaid`)
) ENGINE=InnoDB AUTO_INCREMENT=141 DEFAULT CHARSET=utf8mb4 COLLATE=utf8mb4_0900_ai_ci;
/*!40101 SET character_set_client = @saved_cs_client */;

--
-- Dumping data for table `genero`
--

LOCK TABLES `genero` WRITE;
/*!40000 ALTER TABLE `genero` DISABLE KEYS */;
INSERT INTO `genero` VALUES (1,'ACELGAS',13),(2,'ALCACHOFA',14),(3,'ALCACHOFA BLANCA PEQUEÑA',14),(4,'ALCACHOFA BLANCA',14),(5,'ALCACHOFA GORDA (INDUSTRIA)',14),(6,'ALCACHOFA HIBRIDA GORDA',14),(7,'ALCACHOFA HIBRIDA PEQUEÑA',14),(8,'ALCACHOFA HIBRIDA',14),(9,'ALCACHOFA PEQUEÑA (INDUSTRIA)',14),(10,'ALCACHOFA PEQUEÑA (PLAZA)',14),(11,'ALCACHOFA PEQUEÑA',14),(12,'ALCACHOFA RECIA',14),(13,'ALCACHOFA GREEN QUEEN',14),(14,'APIO',15),(15,'BERENJENA BLANCA',16),(16,'BERENJENA LARGA',16),(17,'BERENJENA RAYADA',16),(18,'BONIATO ROJO',17),(19,'BROCOLI TALLOS',18),(20,'BROCOLI PELLAS',18),(21,'BROCOLI',18),(22,'BROCOLI ECO',18),(23,'CALABACIN BLANCO',19),(24,'CALABACIN FINO',19),(25,'CALABACIN GORDO',19),(26,'CALABAZA CACAHUETE',20),(27,'CALABAZA',20),(28,'CALABAZA TOTANERA',20),(29,'CHIRIMOYAS',21),(30,'COL RIZADA',22),(31,'COL LISA',22),(32,'COL',22),(33,'COLIFLOR',23),(34,'ESPARRAGOS',24),(35,'GUISANTES',25),(36,'TIRABEQUES',25),(37,'HABAS',26),(38,'HABAS VALENCIANAS',26),(39,'HINOJO',27),(40,'JUDIA EMERITE',28),(41,'JUDIA GARRAFON',28),(42,'JUDIA PERONA SEMI',28),(43,'JUDIA PERONA ROJA',28),(44,'JUDIA PERONA',28),(45,'JUDIA RASTRA',28),(46,'JUDIA STRIKE',28),(47,'JUDIA TABELLA',28),(48,'JUDIA XERA',28),(49,'JUDIA FINA',28),(50,'LIMON',29),(51,'MELON CATEGORIA',30),(52,'MELON GALIA',30),(53,'MELON CANTALOUP',30),(54,'MELON AMARILLO',30),(55,'MELON VERDE',30),(56,'NARANJA',31),(57,'NISPERO',32),(58,'PATATA SPUNTA',33),(59,'PATATA',33),(60,'PEPINO ALMERIA',34),(61,'PEPINO BLANCO',34),(62,'PEPINO ESPAÑOL',34),(63,'PEPINO FRANCES',34),(64,'PIMIENTO AVENADO',35),(65,'PIMIENTO CALIFORNIA AMARILLO',35),(66,'PIMIENTO CALIFORNIA AMARILLO ECO',35),(67,'PIMIENTO CALIFORNIA ROJO',35),(68,'PIMIENTO CALIFORNIA VERDE',35),(69,'PIMIENTO CALIFORNIA VERDE ECO',35),(70,'PIMIENTO CALIFORNIA AMARILLO 2ª',35),(71,'PIMIENTO CALIFORNIA ROJO 2ª',35),(72,'PIMIENTO CALIFORNIA ROJO ECO',35),(73,'PIMIENTO CALIFORNIA VERDE 2ª',35),(74,'PIMIENTO ITALIANO ROJO',35),(75,'PIMIENTO ITALIANO VERDE',35),(76,'PIMIENTO LAMUYO AMARILLO',35),(77,'PIMIENTO LAMUYO ROJO',35),(78,'PIMIENTO LAMUYO VERDE',35),(79,'PIMIENTO LAMUYO AMARILLO 2ª',35),(80,'PIMIENTO LAMUYO ROJO 2ª',35),(81,'PIMIENTO LAMUYO VERDE 2ª',35),(82,'PIMIENTO PADRON',35),(83,'PIMIENTO PALERMO',35),(84,'PIMIENTO PICANTE ROJO',35),(85,'PIMIENTO PICANTE VERDE',35),(86,'PIMIENTO BOLA VERDE',35),(87,'PIMIENTO CALIFORNIA NARANJA',35),(88,'PUERRO',36),(89,'SANDIA BLANCA',37),(90,'SANDIA NEGRA',37),(91,'TOMATE ASURCADO',38),(92,'TOMATE ASURCADO 2ª',38),(93,'TOMATE DANIELA',38),(94,'TOMATE DANIELA VERDE',38),(95,'TOMATE DANIELA 2ª',38),(96,'TOMATE LISO',38),(97,'TOMATE LISO 2ª',38),(98,'TOMATE PERA',38),(99,'TOMATE PERA 2ª',38),(100,'TOMATE RAF',38),(101,'TOMATE RAF 2ª',38),(102,'TOMATE RAF 3ª',38),(103,'TOMATE BEEF',38),(104,'TOMATE CHERRY',38),(105,'TOMATE CHERRY PERA',38),(106,'TOMATE CHERRY RAMA',38),(107,'TOMATE LISO',38),(108,'TOMATE LISO 2ª',38),(109,'TOMATE NEGRO',38),(110,'TOMATE PINK',38),(111,'TOMATE PINTON',38),(112,'TOMATE RAMA',38),(113,'TOMATE RAMA',38),(114,'TOMATE RIZADO',38),(115,'TOMATE DANIELA G',39),(116,'TOMATE DANIELA GG',39),(117,'TOMATE DANIELA CORDO',39),(118,'TOMATE DANIELA M',39),(119,'TOMATE DANIELA MM',39),(120,'TOMATE PERA M',39),(121,'TOMATE PERA MM',39),(122,'TOMATE RAF G',39),(123,'TOMATE RAF GG',39),(124,'TOMATE RAF M',39),(125,'TOMATE RAF MADURO',39),(126,'TOMATE RAF MM',39),(127,'TOMATE RAF ROSCOS',39),(128,'TOMATE RAMA C',39),(129,'TOMATE RAMA G',39),(130,'TOMATE RAMA M',39),(131,'TOMATE RAMA MM',39),(132,'TOMATE LISO GG',39),(133,'TOMATE ASURCADO M',39),(134,'TOMATE LARGA VIDA MM',39),(135,'TOMATE LARGA VIDA M',39),(136,'TOMATE LARGA VIDA G',39),(137,'TOMATE LARGA VIDA GG',39),(138,'TOMATE LISO MADURO',39),(139,'-',NULL),(140,'JUDIA PERONA HELDA',NULL);
/*!40000 ALTER TABLE `genero` ENABLE KEYS */;
UNLOCK TABLES;

--
-- Table structure for table `login`
--

DROP TABLE IF EXISTS `login`;
/*!40101 SET @saved_cs_client     = @@character_set_client */;
/*!50503 SET character_set_client = utf8mb4 */;
CREATE TABLE `login` (
  `loginid` bigint NOT NULL AUTO_INCREMENT,
  `usuario` varchar(100) DEFAULT NULL,
  `contra` varchar(500) DEFAULT NULL,
  PRIMARY KEY (`loginid`)
) ENGINE=InnoDB AUTO_INCREMENT=8 DEFAULT CHARSET=utf8mb4 COLLATE=utf8mb4_0900_ai_ci;
/*!40101 SET character_set_client = @saved_cs_client */;

--
-- Dumping data for table `login`
--

LOCK TABLES `login` WRITE;
/*!40000 ALTER TABLE `login` DISABLE KEYS */;
INSERT INTO `login` VALUES (4,'adminis','AQAAAAIAAYagAAAAEK2bGNtbssBz+GHdjQd0zsIqopLujya6sQwTtapO6KA/GtVY7sZvRWEIUm/hNaXdSQ=='),(5,'jorge','AQAAAAIAAYagAAAAELDyqNQIG1+b3Os+Ler02wG3bG1y4tMMnAxX2+xViPxplJhBBzEVGTKlhmdwKAws/w=='),(6,'admin1234','AQAAAAIAAYagAAAAEHW3YyBNMhfpAHF6t26eFTIW0j1LVzkhIwVv4FFSDBhcW1MnBDR/AHGRxHQEW7wdhA=='),(7,'admin','AQAAAAIAAYagAAAAEFxlTRcB2od+4Q+4c6q1Wjy9Z0POj9bQufK4ayVzFJd04CAzMtnuuLzBURKN3KbbTA==');
/*!40000 ALTER TABLE `login` ENABLE KEYS */;
UNLOCK TABLES;

--
-- Table structure for table `subasta`
--

DROP TABLE IF EXISTS `subasta`;
/*!40101 SET @saved_cs_client     = @@character_set_client */;
/*!50503 SET character_set_client = utf8mb4 */;
CREATE TABLE `subasta` (
  `subastaid` bigint NOT NULL AUTO_INCREMENT,
  `nombre_subasta` varchar(100) DEFAULT NULL,
  `url` varchar(100) DEFAULT NULL,
  PRIMARY KEY (`subastaid`),
  UNIQUE KEY `subasta_unique` (`nombre_subasta`)
) ENGINE=InnoDB AUTO_INCREMENT=20 DEFAULT CHARSET=utf8mb4 COLLATE=utf8mb4_0900_ai_ci;
/*!40101 SET character_set_client = @saved_cs_client */;

--
-- Dumping data for table `subasta`
--

LOCK TABLES `subasta` WRITE;
/*!40000 ALTER TABLE `subasta` DISABLE KEYS */;
INSERT INTO `subasta` VALUES (1,'AgroEjido El Ejido','https://www.agroprecios.com/es/precios-subasta/1-agroejido-el-ejido'),(2,'Casi','https://www.agroprecios.com/es/precios-subasta/2-casi'),(3,'VegaCañada','https://www.agroprecios.com/es/precios-subasta/3-vegacanada'),(4,'AgroDolores Adra','https://www.agroprecios.com/es/precios-subasta/4-agrodolores-adra'),(5,'Costa Almeria Cehorpa','https://www.agroprecios.com/es/precios-subasta/5-costa-almeria-cehorpa'),(6,'AgrupaEjido La Redonda','https://www.agroprecios.com/es/precios-subasta/6-agrupaejido-la-redonda'),(7,'Agroponiente La Redonda','https://www.agroprecios.com/es/precios-subasta/7-agroponiente-la-redonda'),(8,'Union La Redonda','https://www.agroprecios.com/es/precios-subasta/8-union-la-redonda'),(9,'Costa Almeria Roquetas','https://www.agroprecios.com/es/precios-subasta/9-costa-almeria-roquetas'),(10,'Union 4 Vientos','https://www.agropizarra.com/es/pizarra-subasta/union-4-vientos'),(11,'Agrupa2','https://www.agroprecios.com/es/precios-subasta/8-agrupa2'),(12,'AgroPoniente Adra','https://www.agroprecios.com/es/precios-subasta/9-agroponiente-adra'),(13,'FhAlmeria Almeria','https://www.fhalmeria.com/pizarra-de-precios/almeria'),(14,'FhAlmeria Alicante','https://www.fhalmeria.com/pizarra-de-precios/alicante'),(15,'FhAlmeria Granada','https://www.fhalmeria.com/pizarra-de-precios/granada'),(16,'FhAlmeria Murcia','https://www.fhalmeria.com/pizarra-de-precios/murcia'),(17,'Agro San Isidro','https://www.agrosanisidro.com/'),(18,'Agroponiente El Golfo','https://www.preciosdesubasta.com/pizarra/category/almeria/guardias-viejas-el-golfo-agroponiente/'),(19,'Agrupa2 Pampanico','https://hortoagrupa2.com/');
/*!40000 ALTER TABLE `subasta` ENABLE KEYS */;
UNLOCK TABLES;

--
-- Table structure for table `subastadetalle`
--

DROP TABLE IF EXISTS `subastadetalle`;
/*!40101 SET @saved_cs_client     = @@character_set_client */;
/*!50503 SET character_set_client = utf8mb4 */;
CREATE TABLE `subastadetalle` (
  `subastadetalleid` bigint NOT NULL AUTO_INCREMENT,
  `subastaid` bigint DEFAULT NULL,
  `fecha` datetime DEFAULT NULL,
  `generoid` bigint DEFAULT NULL,
  `corte1` decimal(10,4) DEFAULT NULL,
  `corte2` decimal(10,4) DEFAULT NULL,
  `corte3` decimal(10,4) DEFAULT NULL,
  `corte4` decimal(10,4) DEFAULT NULL,
  `corte5` decimal(10,4) DEFAULT NULL,
  `corte6` decimal(10,4) DEFAULT NULL,
  `corte7` decimal(10,4) DEFAULT NULL,
  `corte8` decimal(10,4) DEFAULT NULL,
  `corte9` decimal(10,4) DEFAULT NULL,
  `corte10` decimal(10,4) DEFAULT NULL,
  `corte11` decimal(10,4) DEFAULT NULL,
  `corte12` decimal(10,4) DEFAULT NULL,
  `corte13` decimal(10,4) DEFAULT NULL,
  `corte14` decimal(10,4) DEFAULT NULL,
  `corte15` decimal(10,4) DEFAULT NULL,
  PRIMARY KEY (`subastadetalleid`),
  KEY `subastadetalle_subasta_FK` (`subastaid`),
  KEY `subastadetalle_genero_FK` (`generoid`),
  CONSTRAINT `subastadetalle_genero_FK` FOREIGN KEY (`generoid`) REFERENCES `genero` (`generoid`),
  CONSTRAINT `subastadetalle_subasta_FK` FOREIGN KEY (`subastaid`) REFERENCES `subasta` (`subastaid`)
) ENGINE=InnoDB AUTO_INCREMENT=12927 DEFAULT CHARSET=utf8mb4 COLLATE=utf8mb4_0900_ai_ci;
/*!40101 SET character_set_client = @saved_cs_client */;

--
-- Dumping data for table `subastadetalle`
--

LOCK TABLES `subastadetalle` WRITE;
/*!40000 ALTER TABLE `subastadetalle` DISABLE KEYS */;
INSERT INTO `subastadetalle` VALUES (12390,19,'2025-05-08 00:00:00',67,0.7000,0.0000,0.0000,0.0000,0.0000,0.0000,0.0000,0.0000,0.0000,0.0000,0.0000,0.0000,0.0000,0.0000,0.0000),(12391,1,'2025-07-19 00:00:00',98,1.2200,0.9300,0.0000,0.0000,0.0000,0.0000,0.0000,0.0000,0.0000,0.0000,0.0000,0.0000,0.0000,0.0000,0.0000),(12392,1,'2025-07-19 00:00:00',63,1.2200,1.1800,1.1500,1.1200,1.0900,1.0600,0.0000,0.0000,0.0000,0.0000,0.0000,0.0000,0.0000,0.0000,0.0000),(12393,1,'2025-07-19 00:00:00',62,1.2500,1.1600,1.1100,1.0600,1.0000,0.0000,0.0000,0.0000,0.0000,0.0000,0.0000,0.0000,0.0000,0.0000,0.0000),(12394,1,'2025-07-19 00:00:00',60,1.3800,0.0000,0.0000,0.0000,0.0000,0.0000,0.0000,0.0000,0.0000,0.0000,0.0000,0.0000,0.0000,0.0000,0.0000),(12395,1,'2025-07-19 00:00:00',24,0.6800,0.6600,0.6200,0.5800,0.5500,0.5300,0.4900,0.0000,0.0000,0.0000,0.0000,0.0000,0.0000,0.0000,0.0000),(12396,1,'2025-07-19 00:00:00',25,0.5800,0.5400,0.4900,0.0000,0.0000,0.0000,0.0000,0.0000,0.0000,0.0000,0.0000,0.0000,0.0000,0.0000,0.0000),(12397,1,'2025-07-19 00:00:00',16,0.9600,0.9300,0.8800,0.8200,0.7600,0.6700,0.6500,0.6300,0.6100,0.0000,0.0000,0.0000,0.0000,0.0000,0.0000),(12398,1,'2025-07-19 00:00:00',17,0.9600,0.8700,0.7600,0.6700,0.6200,0.0000,0.0000,0.0000,0.0000,0.0000,0.0000,0.0000,0.0000,0.0000,0.0000),(12399,1,'2025-07-19 00:00:00',140,3.3100,2.9700,2.7500,2.4100,2.1800,1.9700,0.0000,0.0000,0.0000,0.0000,0.0000,0.0000,0.0000,0.0000,0.0000),(12400,1,'2025-07-19 00:00:00',78,1.9500,1.8100,1.7200,1.6600,1.5800,1.5100,0.0000,0.0000,0.0000,0.0000,0.0000,0.0000,0.0000,0.0000,0.0000),(12401,1,'2025-07-19 00:00:00',77,1.9500,1.9000,1.8200,1.7600,1.7100,1.6800,1.6300,1.5900,1.5600,0.0000,0.0000,0.0000,0.0000,0.0000,0.0000),(12402,1,'2025-07-19 00:00:00',68,1.3500,1.2500,0.0000,0.0000,0.0000,0.0000,0.0000,0.0000,0.0000,0.0000,0.0000,0.0000,0.0000,0.0000,0.0000),(12403,1,'2025-07-19 00:00:00',65,1.2000,0.0000,0.0000,0.0000,0.0000,0.0000,0.0000,0.0000,0.0000,0.0000,0.0000,0.0000,0.0000,0.0000,0.0000),(12404,1,'2025-07-19 00:00:00',75,1.6400,1.5500,1.4100,1.3300,1.2400,1.1600,1.1100,1.0700,1.0100,0.0000,0.0000,0.0000,0.0000,0.0000,0.0000),(12405,2,'2025-07-17 00:00:00',129,1.6400,1.6100,1.5800,1.5500,1.5200,1.4900,1.4600,1.4300,1.1900,0.0000,0.0000,0.0000,0.0000,0.0000,0.0000),(12406,2,'2025-07-17 00:00:00',93,1.1600,0.0000,0.0000,0.0000,0.0000,0.0000,0.0000,0.0000,0.0000,0.0000,0.0000,0.0000,0.0000,0.0000,0.0000),(12407,2,'2025-07-17 00:00:00',98,1.2200,1.1300,0.0000,0.0000,0.0000,0.0000,0.0000,0.0000,0.0000,0.0000,0.0000,0.0000,0.0000,0.0000,0.0000),(12408,2,'2025-07-17 00:00:00',99,1.0200,0.9900,0.9600,0.9300,0.9000,0.8700,0.8400,0.8100,0.7800,0.7500,0.0000,0.0000,0.0000,0.0000,0.0000),(12409,3,'2025-07-19 00:00:00',115,1.3800,1.3600,1.3400,1.3200,1.3000,1.2800,1.2600,1.2400,1.2200,1.2000,0.0000,0.0000,0.0000,0.0000,0.0000),(12410,3,'2025-07-19 00:00:00',118,1.2200,1.2000,1.1800,1.1600,1.1400,1.1200,1.1000,0.0000,0.0000,0.0000,0.0000,0.0000,0.0000,0.0000,0.0000),(12411,3,'2025-07-19 00:00:00',119,1.0800,0.0000,0.0000,0.0000,0.0000,0.0000,0.0000,0.0000,0.0000,0.0000,0.0000,0.0000,0.0000,0.0000,0.0000),(12412,3,'2025-07-19 00:00:00',130,1.1800,1.1600,1.1400,1.1200,1.1000,0.0000,0.0000,0.0000,0.0000,0.0000,0.0000,0.0000,0.0000,0.0000,0.0000),(12413,3,'2025-07-19 00:00:00',120,1.4200,1.4000,1.3800,1.3600,1.3400,1.3200,1.3000,1.2800,1.2600,1.2400,0.0000,0.0000,0.0000,0.0000,0.0000),(12414,3,'2025-07-19 00:00:00',121,1.2100,1.1800,1.1500,1.1200,1.0900,1.0600,1.0300,1.0000,0.9700,0.9400,0.0000,0.0000,0.0000,0.0000,0.0000),(12415,3,'2025-07-19 00:00:00',132,1.4000,1.3500,1.3000,1.2500,1.2000,1.1500,1.1000,1.0500,1.0000,0.9500,0.0000,0.0000,0.0000,0.0000,0.0000),(12416,3,'2025-07-19 00:00:00',117,1.3400,1.3100,1.2800,1.2500,1.2200,1.1900,1.1600,1.1300,1.1000,1.0700,0.0000,0.0000,0.0000,0.0000,0.0000),(12417,3,'2025-07-19 00:00:00',122,3.7000,3.5000,3.3000,3.0000,2.9000,2.8000,2.7000,2.6000,2.5000,2.4000,0.0000,0.0000,0.0000,0.0000,0.0000),(12418,4,'2025-07-19 00:00:00',98,1.3000,1.2000,0.9600,0.0000,0.0000,0.0000,0.0000,0.0000,0.0000,0.0000,0.0000,0.0000,0.0000,0.0000,0.0000),(12419,4,'2025-07-19 00:00:00',63,0.9000,0.8400,0.6500,0.0000,0.0000,0.0000,0.0000,0.0000,0.0000,0.0000,0.0000,0.0000,0.0000,0.0000,0.0000),(12420,4,'2025-07-19 00:00:00',62,0.9700,0.8300,0.7500,0.6900,0.0000,0.0000,0.0000,0.0000,0.0000,0.0000,0.0000,0.0000,0.0000,0.0000,0.0000),(12421,4,'2025-07-19 00:00:00',24,0.4800,0.4500,0.0000,0.0000,0.0000,0.0000,0.0000,0.0000,0.0000,0.0000,0.0000,0.0000,0.0000,0.0000,0.0000),(12422,4,'2025-07-19 00:00:00',16,0.7100,0.6700,0.6400,0.6200,0.6000,0.5800,0.0000,0.0000,0.0000,0.0000,0.0000,0.0000,0.0000,0.0000,0.0000),(12423,4,'2025-07-19 00:00:00',17,0.3600,0.2500,0.0000,0.0000,0.0000,0.0000,0.0000,0.0000,0.0000,0.0000,0.0000,0.0000,0.0000,0.0000,0.0000),(12424,4,'2025-07-19 00:00:00',78,1.9300,0.0000,0.0000,0.0000,0.0000,0.0000,0.0000,0.0000,0.0000,0.0000,0.0000,0.0000,0.0000,0.0000,0.0000),(12425,4,'2025-07-19 00:00:00',77,1.8300,1.7200,1.6700,1.6300,1.5500,1.4900,1.3900,0.0000,0.0000,0.0000,0.0000,0.0000,0.0000,0.0000,0.0000),(12426,4,'2025-07-19 00:00:00',75,1.8000,0.8200,0.0000,0.0000,0.0000,0.0000,0.0000,0.0000,0.0000,0.0000,0.0000,0.0000,0.0000,0.0000,0.0000),(12427,5,'2025-07-18 00:00:00',98,1.2500,1.1500,1.0500,1.0000,0.0000,0.0000,0.0000,0.0000,0.0000,0.0000,0.0000,0.0000,0.0000,0.0000,0.0000),(12428,5,'2025-07-18 00:00:00',63,1.1100,1.0700,1.0300,0.0000,0.0000,0.0000,0.0000,0.0000,0.0000,0.0000,0.0000,0.0000,0.0000,0.0000,0.0000),(12429,5,'2025-07-18 00:00:00',62,1.1300,1.0500,1.0000,0.0000,0.0000,0.0000,0.0000,0.0000,0.0000,0.0000,0.0000,0.0000,0.0000,0.0000,0.0000),(12430,5,'2025-07-18 00:00:00',24,0.6300,0.6000,0.5800,0.0000,0.0000,0.0000,0.0000,0.0000,0.0000,0.0000,0.0000,0.0000,0.0000,0.0000,0.0000),(12431,5,'2025-07-18 00:00:00',25,0.5700,0.5500,0.5300,0.0000,0.0000,0.0000,0.0000,0.0000,0.0000,0.0000,0.0000,0.0000,0.0000,0.0000,0.0000),(12432,5,'2025-07-18 00:00:00',16,0.9500,0.9000,0.8900,0.0000,0.0000,0.0000,0.0000,0.0000,0.0000,0.0000,0.0000,0.0000,0.0000,0.0000,0.0000),(12433,5,'2025-07-18 00:00:00',77,2.0000,1.8000,1.7300,0.0000,0.0000,0.0000,0.0000,0.0000,0.0000,0.0000,0.0000,0.0000,0.0000,0.0000,0.0000),(12434,5,'2025-07-18 00:00:00',75,1.8000,1.7900,1.7300,0.0000,0.0000,0.0000,0.0000,0.0000,0.0000,0.0000,0.0000,0.0000,0.0000,0.0000,0.0000),(12435,6,'2025-07-19 00:00:00',93,1.6100,1.5100,1.4300,1.3100,1.2600,1.2000,0.0000,0.0000,0.0000,0.0000,0.0000,0.0000,0.0000,0.0000,0.0000),(12436,6,'2025-07-19 00:00:00',98,1.5200,1.4800,1.4500,1.4000,1.3600,1.3200,1.2800,0.0000,0.0000,0.0000,0.0000,0.0000,0.0000,0.0000,0.0000),(12437,6,'2025-07-19 00:00:00',63,1.1900,1.1400,1.1100,1.0800,1.0600,1.0400,1.0100,0.9900,0.0000,0.0000,0.0000,0.0000,0.0000,0.0000,0.0000),(12438,6,'2025-07-19 00:00:00',62,1.3400,1.2900,1.2600,1.2300,1.2100,1.1800,1.1500,1.1200,1.1000,1.0700,0.0000,0.0000,0.0000,0.0000,0.0000),(12439,6,'2025-07-19 00:00:00',60,1.2400,1.0900,0.0000,0.0000,0.0000,0.0000,0.0000,0.0000,0.0000,0.0000,0.0000,0.0000,0.0000,0.0000,0.0000),(12440,6,'2025-07-19 00:00:00',24,0.7800,0.7300,0.7000,0.6700,0.6400,0.6200,0.6000,0.5800,0.5600,0.5300,0.0000,0.0000,0.0000,0.0000,0.0000),(12441,6,'2025-07-19 00:00:00',25,0.7000,0.6800,0.6500,0.6300,0.6000,0.5800,0.5600,0.5400,0.5200,0.5000,0.0000,0.0000,0.0000,0.0000,0.0000),(12442,6,'2025-07-19 00:00:00',16,0.9300,0.8700,0.8200,0.7900,0.7700,0.7400,0.7200,0.6700,0.0000,0.0000,0.0000,0.0000,0.0000,0.0000,0.0000),(12443,6,'2025-07-19 00:00:00',17,1.0100,0.8600,0.7600,0.6700,0.6100,0.5600,0.5200,0.4800,0.0000,0.0000,0.0000,0.0000,0.0000,0.0000,0.0000),(12444,6,'2025-07-19 00:00:00',140,4.3000,3.6400,3.3800,3.1800,3.0400,2.8800,2.6200,2.5000,2.3600,2.1800,0.0000,0.0000,0.0000,0.0000,0.0000),(12445,6,'2025-07-19 00:00:00',78,2.3100,2.0900,1.9100,1.7900,1.7100,0.0000,0.0000,0.0000,0.0000,0.0000,0.0000,0.0000,0.0000,0.0000,0.0000),(12446,6,'2025-07-19 00:00:00',77,2.0700,1.9900,1.8600,1.7900,1.7300,1.6800,1.6300,1.5900,1.5500,1.5200,0.0000,0.0000,0.0000,0.0000,0.0000),(12447,6,'2025-07-19 00:00:00',68,1.1000,0.9600,0.8600,0.7900,0.0000,0.0000,0.0000,0.0000,0.0000,0.0000,0.0000,0.0000,0.0000,0.0000,0.0000),(12448,6,'2025-07-19 00:00:00',67,0.8500,0.7500,0.6600,0.6100,0.0000,0.0000,0.0000,0.0000,0.0000,0.0000,0.0000,0.0000,0.0000,0.0000,0.0000),(12449,6,'2025-07-19 00:00:00',75,1.7200,1.5100,1.2800,1.1500,1.0800,0.9800,0.9100,0.8600,0.8200,0.7900,0.0000,0.0000,0.0000,0.0000,0.0000),(12450,7,'2025-07-18 00:00:00',98,1.1500,0.0000,0.0000,0.0000,0.0000,0.0000,0.0000,0.0000,0.0000,0.0000,0.0000,0.0000,0.0000,0.0000,0.0000),(12451,7,'2025-07-18 00:00:00',63,1.0100,0.0000,0.0000,0.0000,0.0000,0.0000,0.0000,0.0000,0.0000,0.0000,0.0000,0.0000,0.0000,0.0000,0.0000),(12452,7,'2025-07-18 00:00:00',62,1.0100,0.0000,0.0000,0.0000,0.0000,0.0000,0.0000,0.0000,0.0000,0.0000,0.0000,0.0000,0.0000,0.0000,0.0000),(12453,7,'2025-07-18 00:00:00',60,1.2600,1.0100,0.0000,0.0000,0.0000,0.0000,0.0000,0.0000,0.0000,0.0000,0.0000,0.0000,0.0000,0.0000,0.0000),(12454,7,'2025-07-18 00:00:00',16,0.9200,0.8600,0.7500,0.7100,0.0000,0.0000,0.0000,0.0000,0.0000,0.0000,0.0000,0.0000,0.0000,0.0000,0.0000),(12455,7,'2025-07-18 00:00:00',17,0.9200,0.8300,0.6900,0.0000,0.0000,0.0000,0.0000,0.0000,0.0000,0.0000,0.0000,0.0000,0.0000,0.0000,0.0000),(12456,7,'2025-07-18 00:00:00',77,1.9200,0.9200,0.0000,0.0000,0.0000,0.0000,0.0000,0.0000,0.0000,0.0000,0.0000,0.0000,0.0000,0.0000,0.0000),(12457,7,'2025-07-18 00:00:00',67,0.9200,0.0000,0.0000,0.0000,0.0000,0.0000,0.0000,0.0000,0.0000,0.0000,0.0000,0.0000,0.0000,0.0000,0.0000),(12458,7,'2025-07-18 00:00:00',65,0.7200,0.0000,0.0000,0.0000,0.0000,0.0000,0.0000,0.0000,0.0000,0.0000,0.0000,0.0000,0.0000,0.0000,0.0000),(12459,7,'2025-07-18 00:00:00',75,1.6000,0.0000,0.0000,0.0000,0.0000,0.0000,0.0000,0.0000,0.0000,0.0000,0.0000,0.0000,0.0000,0.0000,0.0000),(12460,8,'2025-07-19 00:00:00',93,0.8300,0.0000,0.0000,0.0000,0.0000,0.0000,0.0000,0.0000,0.0000,0.0000,0.0000,0.0000,0.0000,0.0000,0.0000),(12461,8,'2025-07-19 00:00:00',98,1.2900,1.2400,1.2000,0.0000,0.0000,0.0000,0.0000,0.0000,0.0000,0.0000,0.0000,0.0000,0.0000,0.0000,0.0000),(12462,8,'2025-07-19 00:00:00',63,0.9000,0.0000,0.0000,0.0000,0.0000,0.0000,0.0000,0.0000,0.0000,0.0000,0.0000,0.0000,0.0000,0.0000,0.0000),(12463,8,'2025-07-19 00:00:00',62,0.9000,0.8400,0.0000,0.0000,0.0000,0.0000,0.0000,0.0000,0.0000,0.0000,0.0000,0.0000,0.0000,0.0000,0.0000),(12464,8,'2025-07-19 00:00:00',60,1.3500,0.0000,0.0000,0.0000,0.0000,0.0000,0.0000,0.0000,0.0000,0.0000,0.0000,0.0000,0.0000,0.0000,0.0000),(12465,8,'2025-07-19 00:00:00',24,0.6200,0.0000,0.0000,0.0000,0.0000,0.0000,0.0000,0.0000,0.0000,0.0000,0.0000,0.0000,0.0000,0.0000,0.0000),(12466,8,'2025-07-19 00:00:00',25,0.5100,0.0000,0.0000,0.0000,0.0000,0.0000,0.0000,0.0000,0.0000,0.0000,0.0000,0.0000,0.0000,0.0000,0.0000),(12467,8,'2025-07-19 00:00:00',16,0.8700,0.7900,0.7500,0.7100,0.6600,0.0000,0.0000,0.0000,0.0000,0.0000,0.0000,0.0000,0.0000,0.0000,0.0000),(12468,8,'2025-07-19 00:00:00',17,0.8000,0.0000,0.0000,0.0000,0.0000,0.0000,0.0000,0.0000,0.0000,0.0000,0.0000,0.0000,0.0000,0.0000,0.0000),(12469,8,'2025-07-19 00:00:00',78,1.8000,0.0000,0.0000,0.0000,0.0000,0.0000,0.0000,0.0000,0.0000,0.0000,0.0000,0.0000,0.0000,0.0000,0.0000),(12470,8,'2025-07-19 00:00:00',77,1.7200,1.6500,1.5800,0.0000,0.0000,0.0000,0.0000,0.0000,0.0000,0.0000,0.0000,0.0000,0.0000,0.0000,0.0000),(12471,8,'2025-07-19 00:00:00',75,1.5000,1.3600,1.2300,0.0000,0.0000,0.0000,0.0000,0.0000,0.0000,0.0000,0.0000,0.0000,0.0000,0.0000,0.0000),(12472,8,'2025-07-19 00:00:00',83,1.7200,0.0000,0.0000,0.0000,0.0000,0.0000,0.0000,0.0000,0.0000,0.0000,0.0000,0.0000,0.0000,0.0000,0.0000),(12473,9,'2025-07-19 00:00:00',98,1.5000,0.0000,0.0000,0.0000,0.0000,0.0000,0.0000,0.0000,0.0000,0.0000,0.0000,0.0000,0.0000,0.0000,0.0000),(12474,9,'2025-07-19 00:00:00',63,0.9200,0.0000,0.0000,0.0000,0.0000,0.0000,0.0000,0.0000,0.0000,0.0000,0.0000,0.0000,0.0000,0.0000,0.0000),(12475,9,'2025-07-19 00:00:00',62,0.9200,0.8700,0.8200,0.0000,0.0000,0.0000,0.0000,0.0000,0.0000,0.0000,0.0000,0.0000,0.0000,0.0000,0.0000),(12476,9,'2025-07-19 00:00:00',24,0.6000,0.0000,0.0000,0.0000,0.0000,0.0000,0.0000,0.0000,0.0000,0.0000,0.0000,0.0000,0.0000,0.0000,0.0000),(12477,9,'2025-07-19 00:00:00',16,0.8200,0.7500,0.7100,0.6700,0.0000,0.0000,0.0000,0.0000,0.0000,0.0000,0.0000,0.0000,0.0000,0.0000,0.0000),(12478,9,'2025-07-19 00:00:00',17,0.8700,0.8100,0.7500,0.6000,0.5300,0.4900,0.0000,0.0000,0.0000,0.0000,0.0000,0.0000,0.0000,0.0000,0.0000),(12479,9,'2025-07-19 00:00:00',77,1.7400,1.6500,1.5600,1.4700,1.4100,0.0000,0.0000,0.0000,0.0000,0.0000,0.0000,0.0000,0.0000,0.0000,0.0000),(12480,9,'2025-07-19 00:00:00',67,0.7400,0.0000,0.0000,0.0000,0.0000,0.0000,0.0000,0.0000,0.0000,0.0000,0.0000,0.0000,0.0000,0.0000,0.0000),(12481,10,'2024-03-27 00:00:00',24,0.9500,0.0000,0.0000,0.0000,0.0000,0.0000,0.0000,0.0000,0.0000,0.0000,0.0000,0.0000,0.0000,0.0000,0.0000),(12482,10,'2024-03-27 00:00:00',16,0.3000,0.0000,0.0000,0.0000,0.0000,0.0000,0.0000,0.0000,0.0000,0.0000,0.0000,0.0000,0.0000,0.0000,0.0000),(12483,10,'2024-03-27 00:00:00',67,1.0000,0.0000,0.0000,0.0000,0.0000,0.0000,0.0000,0.0000,0.0000,0.0000,0.0000,0.0000,0.0000,0.0000,0.0000),(12484,11,'2025-07-19 00:00:00',93,0.8300,0.0000,0.0000,0.0000,0.0000,0.0000,0.0000,0.0000,0.0000,0.0000,0.0000,0.0000,0.0000,0.0000,0.0000),(12485,11,'2025-07-19 00:00:00',98,1.2900,1.2400,1.2000,0.0000,0.0000,0.0000,0.0000,0.0000,0.0000,0.0000,0.0000,0.0000,0.0000,0.0000,0.0000),(12486,11,'2025-07-19 00:00:00',63,0.9000,0.0000,0.0000,0.0000,0.0000,0.0000,0.0000,0.0000,0.0000,0.0000,0.0000,0.0000,0.0000,0.0000,0.0000),(12487,11,'2025-07-19 00:00:00',62,0.9000,0.8400,0.0000,0.0000,0.0000,0.0000,0.0000,0.0000,0.0000,0.0000,0.0000,0.0000,0.0000,0.0000,0.0000),(12488,11,'2025-07-19 00:00:00',60,1.3500,0.0000,0.0000,0.0000,0.0000,0.0000,0.0000,0.0000,0.0000,0.0000,0.0000,0.0000,0.0000,0.0000,0.0000),(12489,11,'2025-07-19 00:00:00',24,0.6200,0.0000,0.0000,0.0000,0.0000,0.0000,0.0000,0.0000,0.0000,0.0000,0.0000,0.0000,0.0000,0.0000,0.0000),(12490,11,'2025-07-19 00:00:00',25,0.5100,0.0000,0.0000,0.0000,0.0000,0.0000,0.0000,0.0000,0.0000,0.0000,0.0000,0.0000,0.0000,0.0000,0.0000),(12492,11,'2025-07-19 00:00:00',17,0.8000,0.0000,0.0000,0.0000,0.0000,0.0000,0.0000,0.0000,0.0000,0.0000,0.0000,0.0000,0.0000,0.0000,0.0000),(12493,11,'2025-07-19 00:00:00',78,1.8000,0.0000,0.0000,0.0000,0.0000,0.0000,0.0000,0.0000,0.0000,0.0000,0.0000,0.0000,0.0000,0.0000,0.0000),(12494,11,'2025-07-19 00:00:00',77,1.7200,1.6500,1.5800,0.0000,0.0000,0.0000,0.0000,0.0000,0.0000,0.0000,0.0000,0.0000,0.0000,0.0000,0.0000),(12495,11,'2025-07-19 00:00:00',75,1.5000,1.3600,1.2300,0.0000,0.0000,0.0000,0.0000,0.0000,0.0000,0.0000,0.0000,0.0000,0.0000,0.0000,0.0000),(12496,11,'2025-07-19 00:00:00',83,1.7200,0.0000,0.0000,0.0000,0.0000,0.0000,0.0000,0.0000,0.0000,0.0000,0.0000,0.0000,0.0000,0.0000,0.0000),(12497,12,'2025-07-19 00:00:00',98,1.5000,0.0000,0.0000,0.0000,0.0000,0.0000,0.0000,0.0000,0.0000,0.0000,0.0000,0.0000,0.0000,0.0000,0.0000),(12498,12,'2025-07-19 00:00:00',63,0.9200,0.0000,0.0000,0.0000,0.0000,0.0000,0.0000,0.0000,0.0000,0.0000,0.0000,0.0000,0.0000,0.0000,0.0000),(12499,12,'2025-07-19 00:00:00',62,0.9200,0.8700,0.8200,0.0000,0.0000,0.0000,0.0000,0.0000,0.0000,0.0000,0.0000,0.0000,0.0000,0.0000,0.0000),(12500,12,'2025-07-19 00:00:00',24,0.6000,0.0000,0.0000,0.0000,0.0000,0.0000,0.0000,0.0000,0.0000,0.0000,0.0000,0.0000,0.0000,0.0000,0.0000),(12501,12,'2025-07-19 00:00:00',16,0.8200,0.7500,0.7100,0.6700,0.0000,0.0000,0.0000,0.0000,0.0000,0.0000,0.0000,0.0000,0.0000,0.0000,0.0000),(12502,12,'2025-07-19 00:00:00',17,0.8700,0.8100,0.7500,0.6000,0.5300,0.4900,0.0000,0.0000,0.0000,0.0000,0.0000,0.0000,0.0000,0.0000,0.0000),(12503,12,'2025-07-19 00:00:00',77,1.7400,1.6500,1.5600,1.4700,1.4100,0.0000,0.0000,0.0000,0.0000,0.0000,0.0000,0.0000,0.0000,0.0000,0.0000),(12504,12,'2025-07-19 00:00:00',67,0.7400,0.0000,0.0000,0.0000,0.0000,0.0000,0.0000,0.0000,0.0000,0.0000,0.0000,0.0000,0.0000,0.0000,0.0000),(12505,1,'2025-07-19 00:00:00',48,5.6300,5.3000,4.9800,0.0000,0.0000,0.0000,0.0000,0.0000,0.0000,0.0000,0.0000,0.0000,0.0000,0.0000,0.0000),(12506,1,'2025-07-19 00:00:00',43,5.9700,0.0000,0.0000,0.0000,0.0000,0.0000,0.0000,0.0000,0.0000,0.0000,0.0000,0.0000,0.0000,0.0000,0.0000),(12507,1,'2025-07-19 00:00:00',44,1.9700,0.0000,0.0000,0.0000,0.0000,0.0000,0.0000,0.0000,0.0000,0.0000,0.0000,0.0000,0.0000,0.0000,0.0000),(12508,1,'2025-07-19 00:00:00',23,0.5400,0.0000,0.0000,0.0000,0.0000,0.0000,0.0000,0.0000,0.0000,0.0000,0.0000,0.0000,0.0000,0.0000,0.0000),(12509,1,'2025-07-19 00:00:00',85,1.0200,0.9500,0.8900,0.0000,0.0000,0.0000,0.0000,0.0000,0.0000,0.0000,0.0000,0.0000,0.0000,0.0000,0.0000),(12510,17,'2025-07-14 00:00:00',62,0.8000,0.0000,0.0000,0.0000,0.0000,0.0000,0.0000,0.0000,0.0000,0.0000,0.0000,0.0000,0.0000,0.0000,0.0000),(12511,17,'2025-07-14 00:00:00',98,0.7500,0.6500,0.5800,0.0000,0.0000,0.0000,0.0000,0.0000,0.0000,0.0000,0.0000,0.0000,0.0000,0.0000,0.0000),(12512,12,'2025-07-19 00:00:00',46,7.3000,0.0000,0.0000,0.0000,0.0000,0.0000,0.0000,0.0000,0.0000,0.0000,0.0000,0.0000,0.0000,0.0000,0.0000),(12513,9,'2025-06-30 00:00:00',60,0.7500,0.5000,0.0000,0.0000,0.0000,0.0000,0.0000,0.0000,0.0000,0.0000,0.0000,0.0000,0.0000,0.0000,0.0000),(12514,9,'2025-06-30 00:00:00',24,0.4000,0.3500,0.2700,0.0000,0.0000,0.0000,0.0000,0.0000,0.0000,0.0000,0.0000,0.0000,0.0000,0.0000,0.0000),(12515,9,'2025-06-30 00:00:00',16,0.8000,0.7600,0.7000,0.0000,0.0000,0.0000,0.0000,0.0000,0.0000,0.0000,0.0000,0.0000,0.0000,0.0000,0.0000),(12516,7,'2025-07-19 00:00:00',140,4.3000,3.6400,3.3800,3.1800,3.0400,2.8800,2.6200,2.5000,2.3600,2.1800,0.0000,0.0000,0.0000,0.0000,0.0000),(12517,7,'2025-07-19 00:00:00',46,6.2800,6.0000,5.8400,5.6200,5.4200,5.1800,4.9600,4.7800,4.6400,4.5000,0.0000,0.0000,0.0000,0.0000,0.0000),(12518,7,'2025-07-19 00:00:00',40,7.2400,6.5600,6.0000,0.0000,0.0000,0.0000,0.0000,0.0000,0.0000,0.0000,0.0000,0.0000,0.0000,0.0000,0.0000),(12519,7,'2025-07-19 00:00:00',51,0.1500,0.0000,0.0000,0.0000,0.0000,0.0000,0.0000,0.0000,0.0000,0.0000,0.0000,0.0000,0.0000,0.0000,0.0000),(12520,7,'2025-07-19 00:00:00',63,1.1900,1.1400,1.1100,1.0800,1.0600,1.0400,1.0100,0.9900,0.0000,0.0000,0.0000,0.0000,0.0000,0.0000,0.0000),(12521,7,'2025-07-19 00:00:00',62,1.3400,1.2900,1.2600,1.2300,1.2100,1.1800,1.1500,1.1200,1.1000,1.0700,1.0400,1.0100,0.9600,0.0000,0.0000),(12522,7,'2025-07-19 00:00:00',60,1.2400,1.0900,0.0000,0.0000,0.0000,0.0000,0.0000,0.0000,0.0000,0.0000,0.0000,0.0000,0.0000,0.0000,0.0000),(12523,7,'2025-07-19 00:00:00',24,0.7800,0.7300,0.7000,0.6700,0.6400,0.6200,0.6000,0.5800,0.5600,0.5300,0.5100,0.4500,0.0000,0.0000,0.0000),(12524,7,'2025-07-19 00:00:00',25,0.7000,0.6800,0.6500,0.6300,0.6000,0.5800,0.5600,0.5400,0.5200,0.5000,0.4800,0.4300,0.0000,0.0000,0.0000),(12525,7,'2025-07-19 00:00:00',23,0.4400,0.3500,0.3000,0.0000,0.0000,0.0000,0.0000,0.0000,0.0000,0.0000,0.0000,0.0000,0.0000,0.0000,0.0000),(12526,7,'2025-07-19 00:00:00',17,1.0100,0.8600,0.7600,0.6700,0.6100,0.5600,0.5200,0.4800,0.0000,0.0000,0.0000,0.0000,0.0000,0.0000,0.0000),(12527,7,'2025-07-19 00:00:00',16,0.9300,0.8700,0.8200,0.7900,0.7700,0.7400,0.7200,0.6700,0.0000,0.0000,0.0000,0.0000,0.0000,0.0000,0.0000),(12528,7,'2025-07-19 00:00:00',96,1.3100,1.2200,1.2000,1.1700,1.1400,1.1100,0.0000,0.0000,0.0000,0.0000,0.0000,0.0000,0.0000,0.0000,0.0000),(12529,7,'2025-07-19 00:00:00',93,1.6100,1.5100,1.4300,1.3100,1.2600,1.2000,0.0000,0.0000,0.0000,0.0000,0.0000,0.0000,0.0000,0.0000,0.0000),(12530,7,'2025-07-19 00:00:00',98,1.5200,1.4800,1.4500,1.4000,1.3600,1.3200,1.2800,0.0000,0.0000,0.0000,0.0000,0.0000,0.0000,0.0000,0.0000),(12531,7,'2025-07-19 00:00:00',85,0.6900,0.5900,0.0000,0.0000,0.0000,0.0000,0.0000,0.0000,0.0000,0.0000,0.0000,0.0000,0.0000,0.0000,0.0000),(12532,7,'2025-07-19 00:00:00',82,0.9000,0.0000,0.0000,0.0000,0.0000,0.0000,0.0000,0.0000,0.0000,0.0000,0.0000,0.0000,0.0000,0.0000,0.0000),(12533,7,'2025-07-19 00:00:00',75,1.7200,1.5100,1.2800,1.1500,1.0800,0.9800,0.9100,0.8600,0.8200,0.7900,0.7600,0.7300,0.7100,0.6900,0.6600),(12534,7,'2025-07-19 00:00:00',74,2.1800,1.7400,1.5800,1.5000,1.1200,0.0000,0.0000,0.0000,0.0000,0.0000,0.0000,0.0000,0.0000,0.0000,0.0000),(12535,7,'2025-07-19 00:00:00',78,2.3100,2.0900,1.9100,1.7900,1.7100,0.0000,0.0000,0.0000,0.0000,0.0000,0.0000,0.0000,0.0000,0.0000,0.0000),(12536,7,'2025-07-19 00:00:00',77,2.0700,1.9900,1.8600,1.7900,1.7300,1.6800,1.6300,1.5900,1.5500,1.5200,1.4500,1.4200,0.0000,0.0000,0.0000),(12537,7,'2025-07-19 00:00:00',68,1.1000,0.9600,0.8600,0.7900,0.0000,0.0000,0.0000,0.0000,0.0000,0.0000,0.0000,0.0000,0.0000,0.0000,0.0000),(12538,7,'2025-07-19 00:00:00',67,0.8500,0.7500,0.6600,0.6100,0.0000,0.0000,0.0000,0.0000,0.0000,0.0000,0.0000,0.0000,0.0000,0.0000,0.0000),(12539,5,'2025-07-19 00:00:00',51,0.2200,0.0000,0.0000,0.0000,0.0000,0.0000,0.0000,0.0000,0.0000,0.0000,0.0000,0.0000,0.0000,0.0000,0.0000),(12540,5,'2025-07-19 00:00:00',63,0.9000,0.8400,0.6500,0.0000,0.0000,0.0000,0.0000,0.0000,0.0000,0.0000,0.0000,0.0000,0.0000,0.0000,0.0000),(12541,5,'2025-07-19 00:00:00',62,0.9700,0.8300,0.7500,0.6900,0.0000,0.0000,0.0000,0.0000,0.0000,0.0000,0.0000,0.0000,0.0000,0.0000,0.0000),(12542,5,'2025-07-19 00:00:00',24,0.4800,0.4500,0.0000,0.0000,0.0000,0.0000,0.0000,0.0000,0.0000,0.0000,0.0000,0.0000,0.0000,0.0000,0.0000),(12543,5,'2025-07-19 00:00:00',17,0.3500,0.2500,0.0000,0.0000,0.0000,0.0000,0.0000,0.0000,0.0000,0.0000,0.0000,0.0000,0.0000,0.0000,0.0000),(12544,5,'2025-07-19 00:00:00',16,0.7100,0.6700,0.6400,0.6200,0.6000,0.5800,0.0000,0.0000,0.0000,0.0000,0.0000,0.0000,0.0000,0.0000,0.0000),(12545,5,'2025-07-19 00:00:00',98,1.3000,1.2000,0.9600,0.0000,0.0000,0.0000,0.0000,0.0000,0.0000,0.0000,0.0000,0.0000,0.0000,0.0000,0.0000),(12546,5,'2025-07-19 00:00:00',75,1.8000,0.8200,0.0000,0.0000,0.0000,0.0000,0.0000,0.0000,0.0000,0.0000,0.0000,0.0000,0.0000,0.0000,0.0000),(12547,5,'2025-07-19 00:00:00',74,1.5000,1.0200,0.0000,0.0000,0.0000,0.0000,0.0000,0.0000,0.0000,0.0000,0.0000,0.0000,0.0000,0.0000,0.0000),(12548,5,'2025-07-19 00:00:00',78,1.9300,0.0000,0.0000,0.0000,0.0000,0.0000,0.0000,0.0000,0.0000,0.0000,0.0000,0.0000,0.0000,0.0000,0.0000),(12549,5,'2025-07-19 00:00:00',77,1.8300,1.7200,1.6700,1.6300,1.5500,1.4900,1.3900,0.0000,0.0000,0.0000,0.0000,0.0000,0.0000,0.0000,0.0000),(12550,2,'2025-07-17 00:00:00',121,1.0200,0.9900,0.9600,0.9300,0.9000,0.8700,0.8400,0.8100,0.7800,0.7500,0.0000,0.0000,0.0000,0.0000,0.0000),(12551,2,'2025-07-17 00:00:00',120,1.2200,1.1300,0.0000,0.0000,0.0000,0.0000,0.0000,0.0000,0.0000,0.0000,0.0000,0.0000,0.0000,0.0000,0.0000),(12552,8,'2025-07-18 00:00:00',63,1.0100,0.0000,0.0000,0.0000,0.0000,0.0000,0.0000,0.0000,0.0000,0.0000,0.0000,0.0000,0.0000,0.0000,0.0000),(12553,8,'2025-07-18 00:00:00',62,1.0100,0.0000,0.0000,0.0000,0.0000,0.0000,0.0000,0.0000,0.0000,0.0000,0.0000,0.0000,0.0000,0.0000,0.0000),(12554,8,'2025-07-18 00:00:00',60,1.2600,1.0100,0.0000,0.0000,0.0000,0.0000,0.0000,0.0000,0.0000,0.0000,0.0000,0.0000,0.0000,0.0000,0.0000),(12555,8,'2025-07-18 00:00:00',17,0.9200,0.8300,0.6900,0.0000,0.0000,0.0000,0.0000,0.0000,0.0000,0.0000,0.0000,0.0000,0.0000,0.0000,0.0000),(12556,8,'2025-07-18 00:00:00',16,0.9200,0.8600,0.7500,0.7100,0.0000,0.0000,0.0000,0.0000,0.0000,0.0000,0.0000,0.0000,0.0000,0.0000,0.0000),(12557,8,'2025-07-18 00:00:00',98,1.1500,0.0000,0.0000,0.0000,0.0000,0.0000,0.0000,0.0000,0.0000,0.0000,0.0000,0.0000,0.0000,0.0000,0.0000),(12558,8,'2025-07-18 00:00:00',75,1.6000,0.0000,0.0000,0.0000,0.0000,0.0000,0.0000,0.0000,0.0000,0.0000,0.0000,0.0000,0.0000,0.0000,0.0000),(12559,8,'2025-07-18 00:00:00',77,1.9200,0.9200,0.0000,0.0000,0.0000,0.0000,0.0000,0.0000,0.0000,0.0000,0.0000,0.0000,0.0000,0.0000,0.0000),(12560,8,'2025-07-18 00:00:00',67,0.9200,0.0000,0.0000,0.0000,0.0000,0.0000,0.0000,0.0000,0.0000,0.0000,0.0000,0.0000,0.0000,0.0000,0.0000),(12561,8,'2025-07-18 00:00:00',65,0.7200,0.0000,0.0000,0.0000,0.0000,0.0000,0.0000,0.0000,0.0000,0.0000,0.0000,0.0000,0.0000,0.0000,0.0000),(12562,6,'2025-07-18 00:00:00',63,1.1100,1.0700,1.0300,0.0000,0.0000,0.0000,0.0000,0.0000,0.0000,0.0000,0.0000,0.0000,0.0000,0.0000,0.0000),(12563,6,'2025-07-18 00:00:00',62,1.1300,1.0500,1.0000,0.0000,0.0000,0.0000,0.0000,0.0000,0.0000,0.0000,0.0000,0.0000,0.0000,0.0000,0.0000),(12564,6,'2025-07-18 00:00:00',24,0.6300,0.6000,0.5800,0.0000,0.0000,0.0000,0.0000,0.0000,0.0000,0.0000,0.0000,0.0000,0.0000,0.0000,0.0000),(12565,6,'2025-07-18 00:00:00',25,0.5700,0.5500,0.5300,0.0000,0.0000,0.0000,0.0000,0.0000,0.0000,0.0000,0.0000,0.0000,0.0000,0.0000,0.0000),(12566,6,'2025-07-18 00:00:00',16,0.9500,0.9000,0.8900,0.0000,0.0000,0.0000,0.0000,0.0000,0.0000,0.0000,0.0000,0.0000,0.0000,0.0000,0.0000),(12567,6,'2025-07-18 00:00:00',98,1.2500,1.1500,1.0500,1.0000,0.0000,0.0000,0.0000,0.0000,0.0000,0.0000,0.0000,0.0000,0.0000,0.0000,0.0000),(12568,6,'2025-07-18 00:00:00',75,1.8000,1.7900,1.7300,0.0000,0.0000,0.0000,0.0000,0.0000,0.0000,0.0000,0.0000,0.0000,0.0000,0.0000,0.0000),(12569,6,'2025-07-18 00:00:00',77,2.0000,1.8000,1.7300,0.0000,0.0000,0.0000,0.0000,0.0000,0.0000,0.0000,0.0000,0.0000,0.0000,0.0000,0.0000),(12570,18,'2025-05-10 00:00:00',140,1.8400,0.0000,0.0000,0.0000,0.0000,0.0000,0.0000,0.0000,0.0000,0.0000,0.0000,0.0000,0.0000,0.0000,0.0000),(12571,18,'2025-05-10 00:00:00',46,0.9800,0.0000,0.0000,0.0000,0.0000,0.0000,0.0000,0.0000,0.0000,0.0000,0.0000,0.0000,0.0000,0.0000,0.0000),(12572,18,'2025-05-10 00:00:00',63,0.1700,0.0000,0.0000,0.0000,0.0000,0.0000,0.0000,0.0000,0.0000,0.0000,0.0000,0.0000,0.0000,0.0000,0.0000),(12573,18,'2025-05-10 00:00:00',62,0.6000,0.5400,0.0000,0.0000,0.0000,0.0000,0.0000,0.0000,0.0000,0.0000,0.0000,0.0000,0.0000,0.0000,0.0000),(12574,18,'2025-05-10 00:00:00',60,0.3100,0.2600,0.0000,0.0000,0.0000,0.0000,0.0000,0.0000,0.0000,0.0000,0.0000,0.0000,0.0000,0.0000,0.0000),(12575,18,'2025-05-10 00:00:00',24,0.2700,0.2200,0.1600,0.0000,0.0000,0.0000,0.0000,0.0000,0.0000,0.0000,0.0000,0.0000,0.0000,0.0000,0.0000),(12576,18,'2025-05-10 00:00:00',25,0.2300,0.1900,0.1600,0.0000,0.0000,0.0000,0.0000,0.0000,0.0000,0.0000,0.0000,0.0000,0.0000,0.0000,0.0000),(12577,18,'2025-05-10 00:00:00',17,0.5300,0.4400,0.0000,0.0000,0.0000,0.0000,0.0000,0.0000,0.0000,0.0000,0.0000,0.0000,0.0000,0.0000,0.0000),(12578,18,'2025-05-10 00:00:00',16,0.5300,0.4400,0.3800,0.0000,0.0000,0.0000,0.0000,0.0000,0.0000,0.0000,0.0000,0.0000,0.0000,0.0000,0.0000),(12579,18,'2025-05-10 00:00:00',75,0.6500,0.0000,0.0000,0.0000,0.0000,0.0000,0.0000,0.0000,0.0000,0.0000,0.0000,0.0000,0.0000,0.0000,0.0000),(12580,3,'2025-07-17 00:00:00',121,1.2000,1.1800,1.1600,1.1400,1.1200,1.1000,1.0800,1.0600,0.9000,0.0000,0.0000,0.0000,0.0000,0.0000,0.0000),(12581,3,'2025-07-17 00:00:00',120,1.2800,1.2600,1.2400,1.2200,1.2000,1.1800,1.1600,1.1400,1.0000,0.0000,0.0000,0.0000,0.0000,0.0000,0.0000),(12582,11,'2025-07-19 00:00:00',16,0.8700,0.7900,0.7800,0.7100,0.6600,0.0000,0.0000,0.0000,0.0000,0.0000,0.0000,0.0000,0.0000,0.0000,0.0000),(12583,19,'2025-05-08 00:00:00',62,0.4400,0.0000,0.0000,0.0000,0.0000,0.0000,0.0000,0.0000,0.0000,0.0000,0.0000,0.0000,0.0000,0.0000,0.0000),(12584,19,'2025-05-08 00:00:00',24,0.2000,0.1500,0.1000,0.0000,0.0000,0.0000,0.0000,0.0000,0.0000,0.0000,0.0000,0.0000,0.0000,0.0000,0.0000),(12585,19,'2025-05-08 00:00:00',16,0.4000,0.3600,0.3000,0.0000,0.0000,0.0000,0.0000,0.0000,0.0000,0.0000,0.0000,0.0000,0.0000,0.0000,0.0000),(12586,1,'2025-07-28 00:00:00',48,4.9000,3.0200,0.0000,0.0000,0.0000,0.0000,0.0000,0.0000,0.0000,0.0000,0.0000,0.0000,0.0000,0.0000,0.0000),(12587,1,'2025-07-28 00:00:00',140,2.6800,0.0000,0.0000,0.0000,0.0000,0.0000,0.0000,0.0000,0.0000,0.0000,0.0000,0.0000,0.0000,0.0000,0.0000),(12588,1,'2025-07-28 00:00:00',63,1.0900,1.0500,1.0000,0.9800,0.9500,0.9200,0.9000,0.0000,0.0000,0.0000,0.0000,0.0000,0.0000,0.0000,0.0000),(12589,1,'2025-07-28 00:00:00',62,1.2000,1.1500,1.1100,1.0300,0.9700,0.9100,0.0000,0.0000,0.0000,0.0000,0.0000,0.0000,0.0000,0.0000,0.0000),(12590,1,'2025-07-28 00:00:00',60,1.2000,1.1300,0.0000,0.0000,0.0000,0.0000,0.0000,0.0000,0.0000,0.0000,0.0000,0.0000,0.0000,0.0000,0.0000),(12591,1,'2025-07-28 00:00:00',24,0.7200,0.6700,0.6300,0.6000,0.5600,0.5300,0.4900,0.4300,0.0000,0.0000,0.0000,0.0000,0.0000,0.0000,0.0000),(12592,1,'2025-07-28 00:00:00',25,0.6100,0.5700,0.4900,0.4700,0.0000,0.0000,0.0000,0.0000,0.0000,0.0000,0.0000,0.0000,0.0000,0.0000,0.0000),(12593,1,'2025-07-28 00:00:00',17,1.0900,1.0000,0.7000,0.5900,0.5200,0.0000,0.0000,0.0000,0.0000,0.0000,0.0000,0.0000,0.0000,0.0000,0.0000),(12594,1,'2025-07-28 00:00:00',16,0.8100,0.7700,0.7400,0.6800,0.6100,0.5500,0.5200,0.5000,0.4800,0.0000,0.0000,0.0000,0.0000,0.0000,0.0000),(12595,1,'2025-07-28 00:00:00',85,0.7500,0.0000,0.0000,0.0000,0.0000,0.0000,0.0000,0.0000,0.0000,0.0000,0.0000,0.0000,0.0000,0.0000,0.0000),(12596,1,'2025-07-28 00:00:00',75,0.7500,0.6500,0.6100,0.5800,0.5400,0.4900,0.4600,0.4200,0.0000,0.0000,0.0000,0.0000,0.0000,0.0000,0.0000),(12597,1,'2025-07-28 00:00:00',78,2.0900,2.0600,0.0000,0.0000,0.0000,0.0000,0.0000,0.0000,0.0000,0.0000,0.0000,0.0000,0.0000,0.0000,0.0000),(12598,1,'2025-07-28 00:00:00',77,2.4300,2.3800,2.3300,2.2800,2.2200,2.1900,2.1400,2.0700,2.0100,1.9700,1.9300,0.0000,0.0000,0.0000,0.0000),(12599,1,'2025-07-28 00:00:00',68,1.0400,1.0200,0.9900,0.0000,0.0000,0.0000,0.0000,0.0000,0.0000,0.0000,0.0000,0.0000,0.0000,0.0000,0.0000),(12600,1,'2025-07-28 00:00:00',67,1.3800,1.2900,0.0000,0.0000,0.0000,0.0000,0.0000,0.0000,0.0000,0.0000,0.0000,0.0000,0.0000,0.0000,0.0000),(12601,1,'2025-07-28 00:00:00',65,1.4700,0.0000,0.0000,0.0000,0.0000,0.0000,0.0000,0.0000,0.0000,0.0000,0.0000,0.0000,0.0000,0.0000,0.0000),(12602,12,'2025-07-28 00:00:00',46,4.7600,0.0000,0.0000,0.0000,0.0000,0.0000,0.0000,0.0000,0.0000,0.0000,0.0000,0.0000,0.0000,0.0000,0.0000),(12603,12,'2025-07-28 00:00:00',63,0.9500,0.8800,0.0000,0.0000,0.0000,0.0000,0.0000,0.0000,0.0000,0.0000,0.0000,0.0000,0.0000,0.0000,0.0000),(12604,12,'2025-07-28 00:00:00',62,0.9500,0.9000,0.8400,0.8100,0.7900,0.0000,0.0000,0.0000,0.0000,0.0000,0.0000,0.0000,0.0000,0.0000,0.0000),(12605,12,'2025-07-28 00:00:00',24,0.6100,0.0000,0.0000,0.0000,0.0000,0.0000,0.0000,0.0000,0.0000,0.0000,0.0000,0.0000,0.0000,0.0000,0.0000),(12606,12,'2025-07-28 00:00:00',17,0.8200,0.7400,0.6300,0.5600,0.0000,0.0000,0.0000,0.0000,0.0000,0.0000,0.0000,0.0000,0.0000,0.0000,0.0000),(12607,12,'2025-07-28 00:00:00',16,0.6900,0.6400,0.6100,0.5700,0.0000,0.0000,0.0000,0.0000,0.0000,0.0000,0.0000,0.0000,0.0000,0.0000,0.0000),(12608,12,'2025-07-28 00:00:00',98,1.4600,0.0000,0.0000,0.0000,0.0000,0.0000,0.0000,0.0000,0.0000,0.0000,0.0000,0.0000,0.0000,0.0000,0.0000),(12609,12,'2025-07-28 00:00:00',67,0.7800,0.0000,0.0000,0.0000,0.0000,0.0000,0.0000,0.0000,0.0000,0.0000,0.0000,0.0000,0.0000,0.0000,0.0000),(12610,7,'2025-07-28 00:00:00',140,4.3600,3.7600,3.2800,3.0400,2.7600,2.6400,2.5400,2.4200,2.3600,2.2800,0.0000,0.0000,0.0000,0.0000,0.0000),(12611,7,'2025-07-28 00:00:00',43,4.3600,4.1200,0.0000,0.0000,0.0000,0.0000,0.0000,0.0000,0.0000,0.0000,0.0000,0.0000,0.0000,0.0000,0.0000),(12612,7,'2025-07-28 00:00:00',46,4.8800,4.5000,4.2000,3.8800,3.6600,3.4400,3.1800,3.0600,2.9200,2.8400,2.7400,0.0000,0.0000,0.0000,0.0000),(12613,7,'2025-07-28 00:00:00',40,4.6800,3.8200,3.2600,2.7600,0.0000,0.0000,0.0000,0.0000,0.0000,0.0000,0.0000,0.0000,0.0000,0.0000,0.0000),(12614,7,'2025-07-28 00:00:00',63,0.9400,0.9200,0.9000,0.8800,0.8600,0.8300,0.8100,0.7900,0.7700,0.7500,0.0000,0.0000,0.0000,0.0000,0.0000),(12615,7,'2025-07-28 00:00:00',62,1.2200,1.1600,1.1200,1.0800,1.0500,1.0200,0.9900,0.9600,0.9300,0.9100,0.8900,0.8700,0.8500,0.8300,0.8100),(12616,7,'2025-07-28 00:00:00',60,0.9700,0.9000,0.8500,0.0000,0.0000,0.0000,0.0000,0.0000,0.0000,0.0000,0.0000,0.0000,0.0000,0.0000,0.0000),(12617,7,'2025-07-28 00:00:00',24,0.7600,0.7200,0.6900,0.6200,0.5700,0.5400,0.5200,0.5000,0.4800,0.4600,0.4400,0.4200,0.4000,0.3500,0.0000),(12618,7,'2025-07-28 00:00:00',25,0.7600,0.7200,0.6900,0.6500,0.6200,0.5600,0.5200,0.4900,0.4600,0.4300,0.4100,0.3900,0.3300,0.0000,0.0000),(12619,7,'2025-07-28 00:00:00',23,0.4600,0.4100,0.3600,0.3200,0.0000,0.0000,0.0000,0.0000,0.0000,0.0000,0.0000,0.0000,0.0000,0.0000,0.0000),(12620,7,'2025-07-28 00:00:00',17,1.3100,1.1900,1.0800,0.9700,0.8900,0.8000,0.7300,0.6600,0.0000,0.0000,0.0000,0.0000,0.0000,0.0000,0.0000),(12621,7,'2025-07-28 00:00:00',16,0.8600,0.8200,0.7600,0.7000,0.6300,0.6000,0.5700,0.5500,0.5300,0.5100,0.4600,0.0000,0.0000,0.0000,0.0000),(12622,7,'2025-07-28 00:00:00',96,1.5100,1.4200,1.3600,1.3200,1.2900,1.2500,0.0000,0.0000,0.0000,0.0000,0.0000,0.0000,0.0000,0.0000,0.0000),(12623,7,'2025-07-28 00:00:00',93,1.5100,1.4200,1.3400,1.2700,1.2200,1.1800,0.0000,0.0000,0.0000,0.0000,0.0000,0.0000,0.0000,0.0000,0.0000),(12624,7,'2025-07-28 00:00:00',98,1.7100,1.6300,1.5300,1.4300,1.3700,1.3300,0.0000,0.0000,0.0000,0.0000,0.0000,0.0000,0.0000,0.0000,0.0000),(12625,7,'2025-07-28 00:00:00',85,1.2700,0.0000,0.0000,0.0000,0.0000,0.0000,0.0000,0.0000,0.0000,0.0000,0.0000,0.0000,0.0000,0.0000,0.0000),(12626,7,'2025-07-28 00:00:00',84,0.4700,0.0000,0.0000,0.0000,0.0000,0.0000,0.0000,0.0000,0.0000,0.0000,0.0000,0.0000,0.0000,0.0000,0.0000),(12627,7,'2025-07-28 00:00:00',82,1.5100,0.0000,0.0000,0.0000,0.0000,0.0000,0.0000,0.0000,0.0000,0.0000,0.0000,0.0000,0.0000,0.0000,0.0000),(12628,7,'2025-07-28 00:00:00',75,0.8400,0.6900,0.6000,0.5300,0.4700,0.4200,0.3900,0.3600,0.3300,0.3100,0.2900,0.2500,0.0000,0.0000,0.0000),(12629,7,'2025-07-28 00:00:00',74,1.7800,1.5900,1.4300,1.1700,1.0000,0.0000,0.0000,0.0000,0.0000,0.0000,0.0000,0.0000,0.0000,0.0000,0.0000),(12630,7,'2025-07-28 00:00:00',78,1.9500,1.8200,1.7200,1.5900,1.5100,1.4000,1.3500,0.0000,0.0000,0.0000,0.0000,0.0000,0.0000,0.0000,0.0000),(12631,7,'2025-07-28 00:00:00',77,2.7900,2.6700,2.6100,2.5600,2.5100,2.4800,2.4300,2.3900,2.3600,2.3100,2.2800,2.2300,0.0000,0.0000,0.0000),(12632,5,'2025-07-28 00:00:00',63,0.9600,0.8000,0.0000,0.0000,0.0000,0.0000,0.0000,0.0000,0.0000,0.0000,0.0000,0.0000,0.0000,0.0000,0.0000),(12633,5,'2025-07-28 00:00:00',62,0.8400,0.6500,0.5900,0.0000,0.0000,0.0000,0.0000,0.0000,0.0000,0.0000,0.0000,0.0000,0.0000,0.0000,0.0000),(12634,5,'2025-07-28 00:00:00',60,1.0100,0.0000,0.0000,0.0000,0.0000,0.0000,0.0000,0.0000,0.0000,0.0000,0.0000,0.0000,0.0000,0.0000,0.0000),(12635,5,'2025-07-28 00:00:00',24,0.4800,0.4500,0.0000,0.0000,0.0000,0.0000,0.0000,0.0000,0.0000,0.0000,0.0000,0.0000,0.0000,0.0000,0.0000),(12636,5,'2025-07-28 00:00:00',17,0.9600,0.0000,0.0000,0.0000,0.0000,0.0000,0.0000,0.0000,0.0000,0.0000,0.0000,0.0000,0.0000,0.0000,0.0000),(12637,5,'2025-07-28 00:00:00',16,0.7200,0.6800,0.6400,0.6000,0.5800,0.5600,0.0000,0.0000,0.0000,0.0000,0.0000,0.0000,0.0000,0.0000,0.0000),(12638,5,'2025-07-28 00:00:00',98,1.2600,1.1900,1.1500,0.0000,0.0000,0.0000,0.0000,0.0000,0.0000,0.0000,0.0000,0.0000,0.0000,0.0000,0.0000),(12639,5,'2025-07-28 00:00:00',75,0.4000,0.2500,0.1800,0.1100,0.0000,0.0000,0.0000,0.0000,0.0000,0.0000,0.0000,0.0000,0.0000,0.0000,0.0000),(12640,5,'2025-07-28 00:00:00',74,0.7500,0.5600,0.2100,0.0000,0.0000,0.0000,0.0000,0.0000,0.0000,0.0000,0.0000,0.0000,0.0000,0.0000,0.0000),(12641,5,'2025-07-28 00:00:00',78,1.9100,1.6100,1.3500,0.0000,0.0000,0.0000,0.0000,0.0000,0.0000,0.0000,0.0000,0.0000,0.0000,0.0000,0.0000),(12642,5,'2025-07-28 00:00:00',77,2.2600,2.1100,1.9600,1.8100,1.6800,0.0000,0.0000,0.0000,0.0000,0.0000,0.0000,0.0000,0.0000,0.0000,0.0000),(12643,5,'2025-07-28 00:00:00',68,0.8100,0.0000,0.0000,0.0000,0.0000,0.0000,0.0000,0.0000,0.0000,0.0000,0.0000,0.0000,0.0000,0.0000,0.0000),(12644,2,'2025-07-26 00:00:00',62,0.8900,0.0000,0.0000,0.0000,0.0000,0.0000,0.0000,0.0000,0.0000,0.0000,0.0000,0.0000,0.0000,0.0000,0.0000),(12645,2,'2025-07-26 00:00:00',115,1.6900,0.0000,0.0000,0.0000,0.0000,0.0000,0.0000,0.0000,0.0000,0.0000,0.0000,0.0000,0.0000,0.0000,0.0000),(12646,2,'2025-07-26 00:00:00',116,1.9600,0.0000,0.0000,0.0000,0.0000,0.0000,0.0000,0.0000,0.0000,0.0000,0.0000,0.0000,0.0000,0.0000,0.0000),(12647,2,'2025-07-26 00:00:00',129,1.6900,0.0000,0.0000,0.0000,0.0000,0.0000,0.0000,0.0000,0.0000,0.0000,0.0000,0.0000,0.0000,0.0000,0.0000),(12648,2,'2025-07-26 00:00:00',130,0.8700,0.8400,0.8100,0.7800,0.7500,0.7300,0.6600,0.6300,0.0000,0.0000,0.0000,0.0000,0.0000,0.0000,0.0000),(12649,2,'2025-07-26 00:00:00',109,3.7000,2.9500,1.1000,1.0500,0.7000,0.0000,0.0000,0.0000,0.0000,0.0000,0.0000,0.0000,0.0000,0.0000,0.0000),(12650,8,'2025-07-28 00:00:00',63,0.9500,0.0000,0.0000,0.0000,0.0000,0.0000,0.0000,0.0000,0.0000,0.0000,0.0000,0.0000,0.0000,0.0000,0.0000),(12651,8,'2025-07-28 00:00:00',62,1.0000,0.8700,0.8400,0.0000,0.0000,0.0000,0.0000,0.0000,0.0000,0.0000,0.0000,0.0000,0.0000,0.0000,0.0000),(12652,8,'2025-07-28 00:00:00',60,1.1700,0.9700,0.0000,0.0000,0.0000,0.0000,0.0000,0.0000,0.0000,0.0000,0.0000,0.0000,0.0000,0.0000,0.0000),(12653,8,'2025-07-28 00:00:00',17,0.7000,0.6000,0.5400,0.0000,0.0000,0.0000,0.0000,0.0000,0.0000,0.0000,0.0000,0.0000,0.0000,0.0000,0.0000),(12654,8,'2025-07-28 00:00:00',16,0.7700,0.6600,0.5900,0.5200,0.0000,0.0000,0.0000,0.0000,0.0000,0.0000,0.0000,0.0000,0.0000,0.0000,0.0000),(12655,8,'2025-07-28 00:00:00',75,0.7400,0.0000,0.0000,0.0000,0.0000,0.0000,0.0000,0.0000,0.0000,0.0000,0.0000,0.0000,0.0000,0.0000,0.0000),(12656,8,'2025-07-28 00:00:00',77,2.2500,0.0000,0.0000,0.0000,0.0000,0.0000,0.0000,0.0000,0.0000,0.0000,0.0000,0.0000,0.0000,0.0000,0.0000),(12657,6,'2025-07-26 00:00:00',63,1.1000,1.0500,1.0000,0.0000,0.0000,0.0000,0.0000,0.0000,0.0000,0.0000,0.0000,0.0000,0.0000,0.0000,0.0000),(12658,6,'2025-07-26 00:00:00',62,1.2000,1.1500,1.0000,0.0000,0.0000,0.0000,0.0000,0.0000,0.0000,0.0000,0.0000,0.0000,0.0000,0.0000,0.0000),(12659,6,'2025-07-26 00:00:00',24,0.6200,0.5800,0.5500,0.0000,0.0000,0.0000,0.0000,0.0000,0.0000,0.0000,0.0000,0.0000,0.0000,0.0000,0.0000),(12660,6,'2025-07-26 00:00:00',25,0.6000,0.5500,0.5000,0.0000,0.0000,0.0000,0.0000,0.0000,0.0000,0.0000,0.0000,0.0000,0.0000,0.0000,0.0000),(12661,6,'2025-07-26 00:00:00',16,0.7000,0.6500,0.6000,0.0000,0.0000,0.0000,0.0000,0.0000,0.0000,0.0000,0.0000,0.0000,0.0000,0.0000,0.0000),(12662,6,'2025-07-26 00:00:00',98,1.2000,1.1000,1.0000,0.0000,0.0000,0.0000,0.0000,0.0000,0.0000,0.0000,0.0000,0.0000,0.0000,0.0000,0.0000),(12663,6,'2025-07-26 00:00:00',75,0.7000,0.6800,0.6600,0.0000,0.0000,0.0000,0.0000,0.0000,0.0000,0.0000,0.0000,0.0000,0.0000,0.0000,0.0000),(12664,6,'2025-07-26 00:00:00',77,2.0000,1.9000,0.0000,0.0000,0.0000,0.0000,0.0000,0.0000,0.0000,0.0000,0.0000,0.0000,0.0000,0.0000,0.0000),(12665,3,'2025-07-26 00:00:00',121,1.0300,1.0000,0.9700,0.9400,0.9100,0.8800,0.8500,0.7000,0.0000,0.0000,0.0000,0.0000,0.0000,0.0000,0.0000),(12666,3,'2025-07-26 00:00:00',120,1.6800,1.6600,1.6400,1.6200,1.6000,1.5800,1.3000,0.0000,0.0000,0.0000,0.0000,0.0000,0.0000,0.0000,0.0000),(12667,11,'2025-07-28 00:00:00',63,0.9500,0.8800,0.0000,0.0000,0.0000,0.0000,0.0000,0.0000,0.0000,0.0000,0.0000,0.0000,0.0000,0.0000,0.0000),(12668,11,'2025-07-28 00:00:00',62,1.0600,0.9200,0.0000,0.0000,0.0000,0.0000,0.0000,0.0000,0.0000,0.0000,0.0000,0.0000,0.0000,0.0000,0.0000),(12669,11,'2025-07-28 00:00:00',60,1.1000,1.0200,0.0000,0.0000,0.0000,0.0000,0.0000,0.0000,0.0000,0.0000,0.0000,0.0000,0.0000,0.0000,0.0000),(12670,11,'2025-07-28 00:00:00',24,0.6200,0.0000,0.0000,0.0000,0.0000,0.0000,0.0000,0.0000,0.0000,0.0000,0.0000,0.0000,0.0000,0.0000,0.0000),(12671,11,'2025-07-28 00:00:00',25,0.5500,0.0000,0.0000,0.0000,0.0000,0.0000,0.0000,0.0000,0.0000,0.0000,0.0000,0.0000,0.0000,0.0000,0.0000),(12672,11,'2025-07-28 00:00:00',17,0.7100,0.6100,0.5700,0.0000,0.0000,0.0000,0.0000,0.0000,0.0000,0.0000,0.0000,0.0000,0.0000,0.0000,0.0000),(12673,11,'2025-07-28 00:00:00',16,0.7900,0.7300,0.6500,0.6200,0.0000,0.0000,0.0000,0.0000,0.0000,0.0000,0.0000,0.0000,0.0000,0.0000,0.0000),(12674,11,'2025-07-28 00:00:00',98,1.4400,1.4000,1.3500,1.2500,0.0000,0.0000,0.0000,0.0000,0.0000,0.0000,0.0000,0.0000,0.0000,0.0000,0.0000),(12675,11,'2025-07-28 00:00:00',83,1.5600,0.0000,0.0000,0.0000,0.0000,0.0000,0.0000,0.0000,0.0000,0.0000,0.0000,0.0000,0.0000,0.0000,0.0000),(12676,11,'2025-07-28 00:00:00',75,0.5200,0.4600,0.0000,0.0000,0.0000,0.0000,0.0000,0.0000,0.0000,0.0000,0.0000,0.0000,0.0000,0.0000,0.0000),(12677,11,'2025-07-28 00:00:00',78,1.8100,0.0000,0.0000,0.0000,0.0000,0.0000,0.0000,0.0000,0.0000,0.0000,0.0000,0.0000,0.0000,0.0000,0.0000),(12678,11,'2025-07-28 00:00:00',77,1.7700,1.6600,0.0000,0.0000,0.0000,0.0000,0.0000,0.0000,0.0000,0.0000,0.0000,0.0000,0.0000,0.0000,0.0000),(12739,1,'2025-09-04 00:00:00',98,0.6900,0.0000,0.0000,0.0000,0.0000,0.0000,0.0000,0.0000,0.0000,0.0000,0.0000,0.0000,0.0000,0.0000,0.0000),(12740,1,'2025-09-04 00:00:00',63,0.9700,0.9400,0.9000,0.8200,0.7800,0.7600,0.7500,0.0000,0.0000,0.0000,0.0000,0.0000,0.0000,0.0000,0.0000),(12741,1,'2025-09-04 00:00:00',62,1.9800,1.9500,1.8900,1.8600,1.8200,1.7800,1.7400,0.0000,0.0000,0.0000,0.0000,0.0000,0.0000,0.0000,0.0000),(12742,1,'2025-09-04 00:00:00',60,0.4200,0.3600,0.0000,0.0000,0.0000,0.0000,0.0000,0.0000,0.0000,0.0000,0.0000,0.0000,0.0000,0.0000,0.0000),(12743,1,'2025-09-04 00:00:00',24,1.6400,1.6000,1.5600,1.5300,1.5000,1.4700,1.4400,1.4100,1.3900,1.3700,0.0000,0.0000,0.0000,0.0000,0.0000),(12744,1,'2025-09-04 00:00:00',25,1.5300,1.5100,1.4800,1.4400,1.4100,1.3800,1.3300,1.3100,0.0000,0.0000,0.0000,0.0000,0.0000,0.0000,0.0000),(12745,1,'2025-09-04 00:00:00',16,1.7800,1.7400,1.7100,1.6900,1.6700,1.6500,1.5900,0.0000,0.0000,0.0000,0.0000,0.0000,0.0000,0.0000,0.0000),(12746,1,'2025-09-04 00:00:00',17,1.2800,1.1500,1.1000,0.9700,0.8900,0.0000,0.0000,0.0000,0.0000,0.0000,0.0000,0.0000,0.0000,0.0000,0.0000),(12747,1,'2025-09-04 00:00:00',140,6.5200,6.1200,5.4200,0.0000,0.0000,0.0000,0.0000,0.0000,0.0000,0.0000,0.0000,0.0000,0.0000,0.0000,0.0000),(12749,1,'2025-09-04 00:00:00',68,1.1400,1.0800,1.0300,0.9800,0.9400,0.9000,0.0000,0.0000,0.0000,0.0000,0.0000,0.0000,0.0000,0.0000,0.0000),(12750,1,'2025-09-04 00:00:00',67,1.1600,1.1100,0.9700,0.9100,0.8900,0.8100,0.7900,0.0000,0.0000,0.0000,0.0000,0.0000,0.0000,0.0000,0.0000),(12751,1,'2025-09-04 00:00:00',65,1.5900,1.5000,1.4700,1.4000,1.3500,1.3100,1.2700,0.0000,0.0000,0.0000,0.0000,0.0000,0.0000,0.0000,0.0000),(12752,1,'2025-09-04 00:00:00',75,1.5200,1.1100,0.8300,0.7900,0.7600,0.7300,0.7000,0.6800,0.0000,0.0000,0.0000,0.0000,0.0000,0.0000,0.0000),(12753,1,'2025-09-04 00:00:00',83,1.3100,0.0000,0.0000,0.0000,0.0000,0.0000,0.0000,0.0000,0.0000,0.0000,0.0000,0.0000,0.0000,0.0000,0.0000),(12754,3,'2025-09-04 00:00:00',115,0.7600,0.7400,0.7200,0.7000,0.6800,0.6600,0.6400,0.6200,0.6000,0.0000,0.0000,0.0000,0.0000,0.0000,0.0000),(12755,3,'2025-09-04 00:00:00',120,0.7200,0.7000,0.6800,0.6600,0.6400,0.6200,0.6000,0.5800,0.5600,0.5400,0.0000,0.0000,0.0000,0.0000,0.0000),(12756,3,'2025-09-04 00:00:00',132,0.6000,0.5800,0.5600,0.5400,0.5200,0.5000,0.4800,0.4600,0.4400,0.4200,0.0000,0.0000,0.0000,0.0000,0.0000),(12757,3,'2025-09-04 00:00:00',117,0.5800,0.5500,0.5200,0.4900,0.4600,0.4300,0.4000,0.3700,0.3400,0.3100,0.0000,0.0000,0.0000,0.0000,0.0000),(12758,3,'2025-09-04 00:00:00',122,5.1000,4.9000,4.8000,4.7000,4.6000,4.5000,4.4000,4.3000,4.2000,4.1000,0.0000,0.0000,0.0000,0.0000,0.0000),(12759,4,'2025-09-04 00:00:00',98,0.6600,0.6300,0.0000,0.0000,0.0000,0.0000,0.0000,0.0000,0.0000,0.0000,0.0000,0.0000,0.0000,0.0000,0.0000),(12760,4,'2025-09-04 00:00:00',62,1.9000,1.7700,1.6800,1.5800,0.0000,0.0000,0.0000,0.0000,0.0000,0.0000,0.0000,0.0000,0.0000,0.0000,0.0000),(12761,4,'2025-09-04 00:00:00',24,1.5400,1.5000,1.4700,0.0000,0.0000,0.0000,0.0000,0.0000,0.0000,0.0000,0.0000,0.0000,0.0000,0.0000,0.0000),(12762,4,'2025-09-04 00:00:00',25,1.1800,1.0900,0.0000,0.0000,0.0000,0.0000,0.0000,0.0000,0.0000,0.0000,0.0000,0.0000,0.0000,0.0000,0.0000),(12763,4,'2025-09-04 00:00:00',16,1.6600,1.6000,1.5700,1.5500,1.5200,1.5000,1.4700,0.0000,0.0000,0.0000,0.0000,0.0000,0.0000,0.0000,0.0000),(12764,4,'2025-09-04 00:00:00',17,1.2800,1.2300,0.7600,0.0000,0.0000,0.0000,0.0000,0.0000,0.0000,0.0000,0.0000,0.0000,0.0000,0.0000,0.0000),(12765,4,'2025-09-04 00:00:00',78,1.6000,1.4900,1.4300,1.3700,1.3300,0.0000,0.0000,0.0000,0.0000,0.0000,0.0000,0.0000,0.0000,0.0000,0.0000),(12766,4,'2025-09-04 00:00:00',77,1.4200,1.3300,1.2600,1.2400,1.2000,1.1600,1.1300,1.1000,0.0000,0.0000,0.0000,0.0000,0.0000,0.0000,0.0000),(12767,4,'2025-09-04 00:00:00',68,1.0200,0.9800,0.9400,0.9200,0.9000,0.0000,0.0000,0.0000,0.0000,0.0000,0.0000,0.0000,0.0000,0.0000,0.0000),(12768,4,'2025-09-04 00:00:00',67,1.0000,0.9400,0.8800,0.8600,0.8300,0.8100,0.0000,0.0000,0.0000,0.0000,0.0000,0.0000,0.0000,0.0000,0.0000),(12769,4,'2025-09-04 00:00:00',65,1.3800,1.3100,1.2500,0.0000,0.0000,0.0000,0.0000,0.0000,0.0000,0.0000,0.0000,0.0000,0.0000,0.0000,0.0000),(12770,4,'2025-09-04 00:00:00',75,0.9300,0.0000,0.0000,0.0000,0.0000,0.0000,0.0000,0.0000,0.0000,0.0000,0.0000,0.0000,0.0000,0.0000,0.0000),(12771,6,'2025-09-04 00:00:00',93,1.0000,0.9300,0.8600,0.8000,0.7400,0.6900,0.6500,0.0000,0.0000,0.0000,0.0000,0.0000,0.0000,0.0000,0.0000),(12772,6,'2025-09-04 00:00:00',98,0.8100,0.7200,0.6800,0.6500,0.6200,0.5900,0.5500,0.0000,0.0000,0.0000,0.0000,0.0000,0.0000,0.0000,0.0000),(12773,6,'2025-09-04 00:00:00',63,1.0500,1.0200,0.9800,0.9500,0.9200,0.8900,0.8700,0.8400,0.8200,0.8000,0.0000,0.0000,0.0000,0.0000,0.0000),(12774,6,'2025-09-04 00:00:00',62,2.0900,2.0100,1.9400,1.8800,1.7900,1.7200,1.6800,1.6500,1.6200,1.6000,0.0000,0.0000,0.0000,0.0000,0.0000),(12775,6,'2025-09-04 00:00:00',60,0.4100,0.3600,0.0000,0.0000,0.0000,0.0000,0.0000,0.0000,0.0000,0.0000,0.0000,0.0000,0.0000,0.0000,0.0000),(12776,6,'2025-09-04 00:00:00',24,1.7200,1.6800,1.6400,1.6100,1.5700,1.5300,1.5000,1.4800,1.4600,1.4400,0.0000,0.0000,0.0000,0.0000,0.0000),(12777,6,'2025-09-04 00:00:00',25,1.6600,1.6200,1.5800,1.5400,1.5100,1.4700,1.4300,1.3900,1.3400,1.3100,0.0000,0.0000,0.0000,0.0000,0.0000),(12778,6,'2025-09-04 00:00:00',16,1.8600,1.8200,1.7700,1.7200,1.6900,1.6600,1.6400,1.6200,1.6000,0.0000,0.0000,0.0000,0.0000,0.0000,0.0000),(12779,6,'2025-09-04 00:00:00',17,1.7000,1.6300,1.5400,1.4700,1.4000,1.3100,0.0000,0.0000,0.0000,0.0000,0.0000,0.0000,0.0000,0.0000,0.0000),(12780,6,'2025-09-04 00:00:00',140,6.0600,5.6200,5.2800,4.9800,4.7400,4.5200,4.3200,4.1600,3.9400,3.7400,0.0000,0.0000,0.0000,0.0000,0.0000),(12781,6,'2025-09-04 00:00:00',78,2.0600,1.8800,1.7800,1.7100,1.6600,1.5900,1.5200,1.4700,0.0000,0.0000,0.0000,0.0000,0.0000,0.0000,0.0000),(12782,6,'2025-09-04 00:00:00',77,1.5900,1.5300,1.4200,1.3600,1.3200,1.2500,1.1900,1.1600,1.1200,1.0900,0.0000,0.0000,0.0000,0.0000,0.0000),(12783,6,'2025-09-04 00:00:00',68,1.0400,0.9600,0.8800,0.8500,0.0000,0.0000,0.0000,0.0000,0.0000,0.0000,0.0000,0.0000,0.0000,0.0000,0.0000),(12784,6,'2025-09-04 00:00:00',67,1.1000,1.0000,0.9300,0.8600,0.8100,0.7800,0.0000,0.0000,0.0000,0.0000,0.0000,0.0000,0.0000,0.0000,0.0000),(12785,6,'2025-09-04 00:00:00',65,1.5500,1.4900,1.4300,1.3400,1.2800,0.0000,0.0000,0.0000,0.0000,0.0000,0.0000,0.0000,0.0000,0.0000,0.0000),(12786,6,'2025-09-04 00:00:00',75,1.4900,1.0300,0.8900,0.8300,0.7800,0.7400,0.7100,0.6800,0.6500,0.6300,0.0000,0.0000,0.0000,0.0000,0.0000),(12789,7,'2025-09-04 00:00:00',60,0.4200,0.3600,0.0000,0.0000,0.0000,0.0000,0.0000,0.0000,0.0000,0.0000,0.0000,0.0000,0.0000,0.0000,0.0000),(12796,7,'2025-09-04 00:00:00',68,1.1200,1.0500,0.9900,0.9400,0.0000,0.0000,0.0000,0.0000,0.0000,0.0000,0.0000,0.0000,0.0000,0.0000,0.0000),(12800,8,'2025-09-04 00:00:00',98,0.6600,0.0000,0.0000,0.0000,0.0000,0.0000,0.0000,0.0000,0.0000,0.0000,0.0000,0.0000,0.0000,0.0000,0.0000),(12814,9,'2025-09-04 00:00:00',93,0.7000,0.6400,0.5900,0.5400,0.0000,0.0000,0.0000,0.0000,0.0000,0.0000,0.0000,0.0000,0.0000,0.0000,0.0000),(12815,9,'2025-09-04 00:00:00',98,0.7000,0.6600,0.6200,0.5700,0.0000,0.0000,0.0000,0.0000,0.0000,0.0000,0.0000,0.0000,0.0000,0.0000,0.0000),(12816,9,'2025-09-04 00:00:00',63,0.7900,0.7100,0.0000,0.0000,0.0000,0.0000,0.0000,0.0000,0.0000,0.0000,0.0000,0.0000,0.0000,0.0000,0.0000),(12817,9,'2025-09-04 00:00:00',62,1.7600,1.6300,1.5700,1.5200,0.0000,0.0000,0.0000,0.0000,0.0000,0.0000,0.0000,0.0000,0.0000,0.0000,0.0000),(12818,9,'2025-09-04 00:00:00',24,1.5300,1.4500,1.3800,1.3100,0.0000,0.0000,0.0000,0.0000,0.0000,0.0000,0.0000,0.0000,0.0000,0.0000,0.0000),(12819,9,'2025-09-04 00:00:00',25,1.3500,1.2800,1.2000,1.1100,0.0000,0.0000,0.0000,0.0000,0.0000,0.0000,0.0000,0.0000,0.0000,0.0000,0.0000),(12820,9,'2025-09-04 00:00:00',16,1.5000,1.4600,1.4200,1.3800,1.3500,0.0000,0.0000,0.0000,0.0000,0.0000,0.0000,0.0000,0.0000,0.0000,0.0000),(12821,9,'2025-09-04 00:00:00',17,1.4500,1.3700,1.2900,0.0000,0.0000,0.0000,0.0000,0.0000,0.0000,0.0000,0.0000,0.0000,0.0000,0.0000,0.0000),(12822,9,'2025-09-04 00:00:00',140,4.2200,3.7600,3.0800,0.0000,0.0000,0.0000,0.0000,0.0000,0.0000,0.0000,0.0000,0.0000,0.0000,0.0000,0.0000),(12823,9,'2025-09-04 00:00:00',77,1.3600,1.2300,1.1800,1.1100,1.0600,0.0000,0.0000,0.0000,0.0000,0.0000,0.0000,0.0000,0.0000,0.0000,0.0000),(12824,9,'2025-09-04 00:00:00',68,1.0400,0.9200,0.8500,0.8000,0.0000,0.0000,0.0000,0.0000,0.0000,0.0000,0.0000,0.0000,0.0000,0.0000,0.0000),(12825,9,'2025-09-04 00:00:00',67,1.0400,0.9300,0.8400,0.7900,0.7500,0.0000,0.0000,0.0000,0.0000,0.0000,0.0000,0.0000,0.0000,0.0000,0.0000),(12826,9,'2025-09-04 00:00:00',65,1.3100,1.2300,1.1600,1.1300,0.0000,0.0000,0.0000,0.0000,0.0000,0.0000,0.0000,0.0000,0.0000,0.0000,0.0000),(12827,9,'2025-09-04 00:00:00',75,0.8400,0.7600,0.7200,0.6800,0.6300,0.5700,0.0000,0.0000,0.0000,0.0000,0.0000,0.0000,0.0000,0.0000,0.0000),(12828,11,'2025-09-04 00:00:00',98,0.6600,0.0000,0.0000,0.0000,0.0000,0.0000,0.0000,0.0000,0.0000,0.0000,0.0000,0.0000,0.0000,0.0000,0.0000),(12829,11,'2025-09-04 00:00:00',63,0.9400,0.9100,0.0000,0.0000,0.0000,0.0000,0.0000,0.0000,0.0000,0.0000,0.0000,0.0000,0.0000,0.0000,0.0000),(12830,11,'2025-09-04 00:00:00',62,1.9700,1.8800,1.8200,0.0000,0.0000,0.0000,0.0000,0.0000,0.0000,0.0000,0.0000,0.0000,0.0000,0.0000,0.0000),(12831,11,'2025-09-04 00:00:00',60,0.4100,0.3600,0.2100,0.0000,0.0000,0.0000,0.0000,0.0000,0.0000,0.0000,0.0000,0.0000,0.0000,0.0000,0.0000),(12832,11,'2025-09-04 00:00:00',24,1.5600,1.5000,0.0000,0.0000,0.0000,0.0000,0.0000,0.0000,0.0000,0.0000,0.0000,0.0000,0.0000,0.0000,0.0000),(12833,11,'2025-09-04 00:00:00',25,1.4600,0.0000,0.0000,0.0000,0.0000,0.0000,0.0000,0.0000,0.0000,0.0000,0.0000,0.0000,0.0000,0.0000,0.0000),(12834,11,'2025-09-04 00:00:00',16,1.7900,1.7600,1.7200,0.0000,0.0000,0.0000,0.0000,0.0000,0.0000,0.0000,0.0000,0.0000,0.0000,0.0000,0.0000),(12835,11,'2025-09-04 00:00:00',17,1.1800,0.0000,0.0000,0.0000,0.0000,0.0000,0.0000,0.0000,0.0000,0.0000,0.0000,0.0000,0.0000,0.0000,0.0000),(12836,11,'2025-09-04 00:00:00',78,1.5600,1.1100,0.0000,0.0000,0.0000,0.0000,0.0000,0.0000,0.0000,0.0000,0.0000,0.0000,0.0000,0.0000,0.0000),(12837,11,'2025-09-04 00:00:00',77,1.4000,1.3200,1.2100,0.9100,0.0000,0.0000,0.0000,0.0000,0.0000,0.0000,0.0000,0.0000,0.0000,0.0000,0.0000),(12838,11,'2025-09-04 00:00:00',68,1.3100,0.0000,0.0000,0.0000,0.0000,0.0000,0.0000,0.0000,0.0000,0.0000,0.0000,0.0000,0.0000,0.0000,0.0000),(12839,11,'2025-09-04 00:00:00',67,1.0200,0.9400,0.6000,0.5100,0.0000,0.0000,0.0000,0.0000,0.0000,0.0000,0.0000,0.0000,0.0000,0.0000,0.0000),(12840,11,'2025-09-04 00:00:00',65,0.9600,0.9100,0.0000,0.0000,0.0000,0.0000,0.0000,0.0000,0.0000,0.0000,0.0000,0.0000,0.0000,0.0000,0.0000),(12841,11,'2025-09-04 00:00:00',75,1.0000,0.0000,0.0000,0.0000,0.0000,0.0000,0.0000,0.0000,0.0000,0.0000,0.0000,0.0000,0.0000,0.0000,0.0000),(12842,12,'2025-09-04 00:00:00',93,0.7000,0.6400,0.5900,0.5400,0.0000,0.0000,0.0000,0.0000,0.0000,0.0000,0.0000,0.0000,0.0000,0.0000,0.0000),(12843,12,'2025-09-04 00:00:00',98,0.7000,0.6600,0.6200,0.5700,0.0000,0.0000,0.0000,0.0000,0.0000,0.0000,0.0000,0.0000,0.0000,0.0000,0.0000),(12844,12,'2025-09-04 00:00:00',63,0.7900,0.7100,0.0000,0.0000,0.0000,0.0000,0.0000,0.0000,0.0000,0.0000,0.0000,0.0000,0.0000,0.0000,0.0000),(12845,12,'2025-09-04 00:00:00',62,1.7600,1.6300,1.5700,1.5200,0.0000,0.0000,0.0000,0.0000,0.0000,0.0000,0.0000,0.0000,0.0000,0.0000,0.0000),(12846,12,'2025-09-04 00:00:00',24,1.5300,1.4500,1.3800,1.3100,0.0000,0.0000,0.0000,0.0000,0.0000,0.0000,0.0000,0.0000,0.0000,0.0000,0.0000),(12847,12,'2025-09-04 00:00:00',25,1.3500,1.2800,1.2000,1.1100,0.0000,0.0000,0.0000,0.0000,0.0000,0.0000,0.0000,0.0000,0.0000,0.0000,0.0000),(12848,12,'2025-09-04 00:00:00',16,1.5000,1.4600,1.4200,1.3800,1.3500,0.0000,0.0000,0.0000,0.0000,0.0000,0.0000,0.0000,0.0000,0.0000,0.0000),(12849,12,'2025-09-04 00:00:00',17,1.4500,1.3700,1.2900,0.0000,0.0000,0.0000,0.0000,0.0000,0.0000,0.0000,0.0000,0.0000,0.0000,0.0000,0.0000),(12850,12,'2025-09-04 00:00:00',140,4.2200,3.7600,3.0800,0.0000,0.0000,0.0000,0.0000,0.0000,0.0000,0.0000,0.0000,0.0000,0.0000,0.0000,0.0000),(12851,12,'2025-09-04 00:00:00',77,1.3600,1.2300,1.1800,1.1100,1.0600,0.0000,0.0000,0.0000,0.0000,0.0000,0.0000,0.0000,0.0000,0.0000,0.0000),(12852,12,'2025-09-04 00:00:00',68,1.0400,0.9200,0.8500,0.8000,0.0000,0.0000,0.0000,0.0000,0.0000,0.0000,0.0000,0.0000,0.0000,0.0000,0.0000),(12853,12,'2025-09-04 00:00:00',67,1.0400,0.9300,0.8400,0.7900,0.7500,0.0000,0.0000,0.0000,0.0000,0.0000,0.0000,0.0000,0.0000,0.0000,0.0000),(12854,12,'2025-09-04 00:00:00',65,1.3100,1.2300,1.1600,1.1300,0.0000,0.0000,0.0000,0.0000,0.0000,0.0000,0.0000,0.0000,0.0000,0.0000,0.0000),(12855,12,'2025-09-04 00:00:00',75,0.8400,0.7600,0.7200,0.6800,0.6300,0.5700,0.0000,0.0000,0.0000,0.0000,0.0000,0.0000,0.0000,0.0000,0.0000),(12856,1,'2025-09-04 00:00:00',48,8.2500,7.6300,7.0900,6.4700,0.0000,0.0000,0.0000,0.0000,0.0000,0.0000,0.0000,0.0000,0.0000,0.0000,0.0000),(12857,1,'2025-09-04 00:00:00',43,4.6600,0.0000,0.0000,0.0000,0.0000,0.0000,0.0000,0.0000,0.0000,0.0000,0.0000,0.0000,0.0000,0.0000,0.0000),(12858,1,'2025-09-04 00:00:00',111,0.7200,0.0000,0.0000,0.0000,0.0000,0.0000,0.0000,0.0000,0.0000,0.0000,0.0000,0.0000,0.0000,0.0000,0.0000),(12859,1,'2025-09-04 00:00:00',85,1.2100,0.0000,0.0000,0.0000,0.0000,0.0000,0.0000,0.0000,0.0000,0.0000,0.0000,0.0000,0.0000,0.0000,0.0000),(12860,1,'2025-09-04 00:00:00',74,0.4500,0.3700,0.3000,0.2000,0.0000,0.0000,0.0000,0.0000,0.0000,0.0000,0.0000,0.0000,0.0000,0.0000,0.0000),(12861,1,'2025-09-04 00:00:00',77,1.6900,1.6100,1.5200,1.4500,1.4200,1.3700,1.3300,1.3000,1.2800,1.2600,1.2400,1.2200,1.2000,0.0000,0.0000),(12862,12,'2025-09-04 00:00:00',41,4.0600,0.0000,0.0000,0.0000,0.0000,0.0000,0.0000,0.0000,0.0000,0.0000,0.0000,0.0000,0.0000,0.0000,0.0000),(12863,12,'2025-09-04 00:00:00',46,9.6000,0.0000,0.0000,0.0000,0.0000,0.0000,0.0000,0.0000,0.0000,0.0000,0.0000,0.0000,0.0000,0.0000,0.0000),(12864,12,'2025-09-04 00:00:00',96,0.5500,0.5000,0.4600,0.4200,0.0000,0.0000,0.0000,0.0000,0.0000,0.0000,0.0000,0.0000,0.0000,0.0000,0.0000),(12865,7,'2025-09-04 00:00:00',140,6.0600,5.6200,5.2800,4.9800,4.7400,4.5200,4.3200,4.1600,3.9400,3.7400,3.5400,3.3200,0.0000,0.0000,0.0000),(12866,7,'2025-09-04 00:00:00',42,5.3200,0.0000,0.0000,0.0000,0.0000,0.0000,0.0000,0.0000,0.0000,0.0000,0.0000,0.0000,0.0000,0.0000,0.0000),(12867,7,'2025-09-04 00:00:00',43,5.9600,0.0000,0.0000,0.0000,0.0000,0.0000,0.0000,0.0000,0.0000,0.0000,0.0000,0.0000,0.0000,0.0000,0.0000),(12868,7,'2025-09-04 00:00:00',45,7.1600,0.0000,0.0000,0.0000,0.0000,0.0000,0.0000,0.0000,0.0000,0.0000,0.0000,0.0000,0.0000,0.0000,0.0000),(12869,7,'2025-09-04 00:00:00',46,8.4600,7.5600,7.1000,6.7600,6.3800,6.1600,6.0000,5.8600,5.6800,5.5400,5.3800,5.2200,0.0000,0.0000,0.0000),(12870,7,'2025-09-04 00:00:00',40,7.7800,7.0200,0.0000,0.0000,0.0000,0.0000,0.0000,0.0000,0.0000,0.0000,0.0000,0.0000,0.0000,0.0000,0.0000),(12871,7,'2025-09-04 00:00:00',63,1.0500,1.0200,0.9800,0.9500,0.9200,0.8900,0.8700,0.8400,0.8200,0.8000,0.0000,0.0000,0.0000,0.0000,0.0000),(12872,7,'2025-09-04 00:00:00',62,2.0900,2.0100,1.9400,1.8800,1.7900,1.7200,1.6800,1.6500,1.6200,1.6000,1.5700,1.5500,1.5200,0.0000,0.0000),(12873,7,'2025-09-04 00:00:00',24,1.7200,1.6800,1.6400,1.6100,1.5700,1.5300,1.5000,1.4800,1.4600,1.4400,1.4300,1.4100,0.0000,0.0000,0.0000),(12874,7,'2025-09-04 00:00:00',25,1.6600,1.6200,1.5800,1.5400,1.5100,1.4700,1.4300,1.3900,1.3400,1.3100,1.2300,0.0000,0.0000,0.0000,0.0000),(12875,7,'2025-09-04 00:00:00',23,2.2000,1.8600,1.5500,1.3500,0.0000,0.0000,0.0000,0.0000,0.0000,0.0000,0.0000,0.0000,0.0000,0.0000,0.0000),(12876,7,'2025-09-04 00:00:00',17,1.7000,1.6300,1.5400,1.4700,1.4000,1.3100,0.0000,0.0000,0.0000,0.0000,0.0000,0.0000,0.0000,0.0000,0.0000),(12877,7,'2025-09-04 00:00:00',16,1.8600,1.8200,1.7700,1.7200,1.6900,1.6600,1.6400,1.6200,1.6000,0.0000,0.0000,0.0000,0.0000,0.0000,0.0000),(12878,7,'2025-09-04 00:00:00',96,0.7600,0.6500,0.6100,0.5600,0.5100,0.0000,0.0000,0.0000,0.0000,0.0000,0.0000,0.0000,0.0000,0.0000,0.0000),(12879,7,'2025-09-04 00:00:00',93,1.0000,0.9300,0.8600,0.8000,0.7400,0.6900,0.6500,0.0000,0.0000,0.0000,0.0000,0.0000,0.0000,0.0000,0.0000),(12880,7,'2025-09-04 00:00:00',98,0.8100,0.7200,0.6800,0.6500,0.6200,0.5900,0.5500,0.0000,0.0000,0.0000,0.0000,0.0000,0.0000,0.0000,0.0000),(12881,7,'2025-09-04 00:00:00',64,0.8000,0.0000,0.0000,0.0000,0.0000,0.0000,0.0000,0.0000,0.0000,0.0000,0.0000,0.0000,0.0000,0.0000,0.0000),(12882,7,'2025-09-04 00:00:00',82,2.6700,2.6100,2.5300,1.8700,0.0000,0.0000,0.0000,0.0000,0.0000,0.0000,0.0000,0.0000,0.0000,0.0000,0.0000),(12883,7,'2025-09-04 00:00:00',75,1.4900,1.0300,0.8900,0.8300,0.7800,0.7400,0.7100,0.6800,0.6500,0.6300,0.6100,0.5800,0.5200,0.0000,0.0000),(12884,7,'2025-09-04 00:00:00',74,1.4900,0.9600,0.3400,0.0000,0.0000,0.0000,0.0000,0.0000,0.0000,0.0000,0.0000,0.0000,0.0000,0.0000,0.0000),(12885,7,'2025-09-04 00:00:00',78,2.0600,1.8800,1.7800,1.7100,1.6600,1.5900,1.5200,1.4700,0.0000,0.0000,0.0000,0.0000,0.0000,0.0000,0.0000),(12886,7,'2025-09-04 00:00:00',77,1.5900,1.5300,1.4200,1.3600,1.3200,1.2500,1.1900,1.1600,1.1200,1.0900,1.0500,0.0000,0.0000,0.0000,0.0000),(12887,7,'2025-09-04 00:00:00',67,1.1000,1.0000,0.9300,0.8600,0.8100,0.7800,0.0000,0.0000,0.0000,0.0000,0.0000,0.0000,0.0000,0.0000,0.0000),(12888,7,'2025-09-04 00:00:00',65,1.5500,1.4900,1.4300,1.3400,1.2800,0.0000,0.0000,0.0000,0.0000,0.0000,0.0000,0.0000,0.0000,0.0000,0.0000),(12889,5,'2025-09-04 00:00:00',62,1.9000,1.7700,1.6800,1.5800,0.0000,0.0000,0.0000,0.0000,0.0000,0.0000,0.0000,0.0000,0.0000,0.0000,0.0000),(12890,5,'2025-09-04 00:00:00',24,1.5400,1.5000,1.4700,0.0000,0.0000,0.0000,0.0000,0.0000,0.0000,0.0000,0.0000,0.0000,0.0000,0.0000,0.0000),(12891,5,'2025-09-04 00:00:00',25,1.1800,1.0900,0.0000,0.0000,0.0000,0.0000,0.0000,0.0000,0.0000,0.0000,0.0000,0.0000,0.0000,0.0000,0.0000),(12892,5,'2025-09-04 00:00:00',17,1.2800,1.2300,0.7600,0.0000,0.0000,0.0000,0.0000,0.0000,0.0000,0.0000,0.0000,0.0000,0.0000,0.0000,0.0000),(12893,5,'2025-09-04 00:00:00',16,1.6600,1.6000,1.5700,1.5500,1.5200,1.5000,1.4700,0.0000,0.0000,0.0000,0.0000,0.0000,0.0000,0.0000,0.0000),(12894,5,'2025-09-04 00:00:00',98,0.6600,0.6300,0.0000,0.0000,0.0000,0.0000,0.0000,0.0000,0.0000,0.0000,0.0000,0.0000,0.0000,0.0000,0.0000),(12895,5,'2025-09-04 00:00:00',75,0.9300,0.0000,0.0000,0.0000,0.0000,0.0000,0.0000,0.0000,0.0000,0.0000,0.0000,0.0000,0.0000,0.0000,0.0000),(12896,5,'2025-09-04 00:00:00',74,0.8900,0.5700,0.0000,0.0000,0.0000,0.0000,0.0000,0.0000,0.0000,0.0000,0.0000,0.0000,0.0000,0.0000,0.0000),(12897,5,'2025-09-04 00:00:00',78,1.6000,1.4900,1.4300,1.3700,1.3300,0.0000,0.0000,0.0000,0.0000,0.0000,0.0000,0.0000,0.0000,0.0000,0.0000),(12898,5,'2025-09-04 00:00:00',77,1.4200,1.3300,1.2600,1.2400,1.2000,1.1600,1.1300,1.1000,0.0000,0.0000,0.0000,0.0000,0.0000,0.0000,0.0000),(12899,5,'2025-09-04 00:00:00',68,1.0200,0.9800,0.9400,0.9200,0.9000,0.0000,0.0000,0.0000,0.0000,0.0000,0.0000,0.0000,0.0000,0.0000,0.0000),(12900,5,'2025-09-04 00:00:00',67,1.0000,0.9400,0.8800,0.8600,0.8300,0.8100,0.0000,0.0000,0.0000,0.0000,0.0000,0.0000,0.0000,0.0000,0.0000),(12901,5,'2025-09-04 00:00:00',65,1.3800,1.3100,1.2500,0.0000,0.0000,0.0000,0.0000,0.0000,0.0000,0.0000,0.0000,0.0000,0.0000,0.0000,0.0000),(12902,8,'2025-09-04 00:00:00',63,0.9800,0.9400,0.9000,0.0000,0.0000,0.0000,0.0000,0.0000,0.0000,0.0000,0.0000,0.0000,0.0000,0.0000,0.0000),(12903,8,'2025-09-04 00:00:00',62,2.0800,2.0300,1.9700,1.9300,0.0000,0.0000,0.0000,0.0000,0.0000,0.0000,0.0000,0.0000,0.0000,0.0000,0.0000),(12904,8,'2025-09-04 00:00:00',60,0.4200,0.3600,0.0000,0.0000,0.0000,0.0000,0.0000,0.0000,0.0000,0.0000,0.0000,0.0000,0.0000,0.0000,0.0000),(12905,8,'2025-09-04 00:00:00',24,1.5600,1.5000,1.4400,1.3700,0.0000,0.0000,0.0000,0.0000,0.0000,0.0000,0.0000,0.0000,0.0000,0.0000,0.0000),(12906,8,'2025-09-04 00:00:00',25,1.5000,1.4400,1.3900,0.0000,0.0000,0.0000,0.0000,0.0000,0.0000,0.0000,0.0000,0.0000,0.0000,0.0000,0.0000),(12907,8,'2025-09-04 00:00:00',17,1.4200,1.3500,1.2700,0.0000,0.0000,0.0000,0.0000,0.0000,0.0000,0.0000,0.0000,0.0000,0.0000,0.0000,0.0000),(12908,8,'2025-09-04 00:00:00',16,1.8100,1.7400,1.6800,1.6200,0.0000,0.0000,0.0000,0.0000,0.0000,0.0000,0.0000,0.0000,0.0000,0.0000,0.0000),(12909,8,'2025-09-04 00:00:00',75,1.2100,1.1200,1.0300,0.9500,0.0000,0.0000,0.0000,0.0000,0.0000,0.0000,0.0000,0.0000,0.0000,0.0000,0.0000),(12910,8,'2025-09-04 00:00:00',78,1.6600,1.6100,0.0000,0.0000,0.0000,0.0000,0.0000,0.0000,0.0000,0.0000,0.0000,0.0000,0.0000,0.0000,0.0000),(12911,8,'2025-09-04 00:00:00',77,1.6600,1.5700,1.5000,1.4300,1.3800,0.0000,0.0000,0.0000,0.0000,0.0000,0.0000,0.0000,0.0000,0.0000,0.0000),(12912,8,'2025-09-04 00:00:00',68,1.1200,1.0500,0.9900,0.9400,0.0000,0.0000,0.0000,0.0000,0.0000,0.0000,0.0000,0.0000,0.0000,0.0000,0.0000),(12913,8,'2025-09-04 00:00:00',67,1.2200,1.1200,1.0200,0.9600,0.0000,0.0000,0.0000,0.0000,0.0000,0.0000,0.0000,0.0000,0.0000,0.0000,0.0000),(12914,8,'2025-09-04 00:00:00',65,1.5200,1.4800,1.4300,0.0000,0.0000,0.0000,0.0000,0.0000,0.0000,0.0000,0.0000,0.0000,0.0000,0.0000,0.0000),(12915,6,'2025-08-11 00:00:00',62,0.9800,0.9300,0.0000,0.0000,0.0000,0.0000,0.0000,0.0000,0.0000,0.0000,0.0000,0.0000,0.0000,0.0000,0.0000),(12916,6,'2025-08-11 00:00:00',24,0.8400,0.7700,0.6900,0.0000,0.0000,0.0000,0.0000,0.0000,0.0000,0.0000,0.0000,0.0000,0.0000,0.0000,0.0000),(12917,6,'2025-08-11 00:00:00',25,0.6900,0.6200,0.0000,0.0000,0.0000,0.0000,0.0000,0.0000,0.0000,0.0000,0.0000,0.0000,0.0000,0.0000,0.0000),(12918,6,'2025-08-11 00:00:00',16,0.7300,0.6400,0.0000,0.0000,0.0000,0.0000,0.0000,0.0000,0.0000,0.0000,0.0000,0.0000,0.0000,0.0000,0.0000),(12919,6,'2025-08-11 00:00:00',98,0.7500,0.0000,0.0000,0.0000,0.0000,0.0000,0.0000,0.0000,0.0000,0.0000,0.0000,0.0000,0.0000,0.0000,0.0000),(12920,6,'2025-08-11 00:00:00',75,0.5500,0.4900,0.4100,0.0000,0.0000,0.0000,0.0000,0.0000,0.0000,0.0000,0.0000,0.0000,0.0000,0.0000,0.0000),(12921,6,'2025-08-11 00:00:00',68,1.3800,0.0000,0.0000,0.0000,0.0000,0.0000,0.0000,0.0000,0.0000,0.0000,0.0000,0.0000,0.0000,0.0000,0.0000),(12922,6,'2025-08-11 00:00:00',67,2.1900,2.1700,0.0000,0.0000,0.0000,0.0000,0.0000,0.0000,0.0000,0.0000,0.0000,0.0000,0.0000,0.0000,0.0000),(12923,3,'2025-08-28 00:00:00',115,0.8000,0.7800,0.7600,0.7400,0.7200,0.7000,0.0000,0.0000,0.0000,0.0000,0.0000,0.0000,0.0000,0.0000,0.0000),(12924,3,'2025-08-28 00:00:00',120,0.8000,0.7800,0.7600,0.7400,0.7200,0.7000,0.6800,0.0000,0.0000,0.0000,0.0000,0.0000,0.0000,0.0000,0.0000),(12925,3,'2025-08-28 00:00:00',109,1.0000,0.9800,0.9600,0.9400,0.9200,0.9000,0.8800,0.8600,0.0000,0.0000,0.0000,0.0000,0.0000,0.0000,0.0000),(12926,11,'2025-09-04 00:00:00',64,0.3000,0.0000,0.0000,0.0000,0.0000,0.0000,0.0000,0.0000,0.0000,0.0000,0.0000,0.0000,0.0000,0.0000,0.0000);
/*!40000 ALTER TABLE `subastadetalle` ENABLE KEYS */;
UNLOCK TABLES;
/*!40103 SET TIME_ZONE=@OLD_TIME_ZONE */;

/*!40101 SET SQL_MODE=@OLD_SQL_MODE */;
/*!40014 SET FOREIGN_KEY_CHECKS=@OLD_FOREIGN_KEY_CHECKS */;
/*!40014 SET UNIQUE_CHECKS=@OLD_UNIQUE_CHECKS */;
/*!40101 SET CHARACTER_SET_CLIENT=@OLD_CHARACTER_SET_CLIENT */;
/*!40101 SET CHARACTER_SET_RESULTS=@OLD_CHARACTER_SET_RESULTS */;
/*!40101 SET COLLATION_CONNECTION=@OLD_COLLATION_CONNECTION */;
/*!40111 SET SQL_NOTES=@OLD_SQL_NOTES */;

-- Dump completed on 2025-10-05 11:15:45
